Company Name,Car wash name
Whistle Express Car Wash,#26 WEISS GUYS EXPRESS
Mister Car Wash,#27 WEISS GUYS EXPRESS
Tidal Wave Auto Spa,#28 WEISS GUYS EXPRESS
ZIPS Car Wash,*** StoneWash *** Car Care Center
Quick Quack Express Car Wash,1287 DEER PARK CAR WASH
Club Car Wash,330 S. Broadway Lawrence
Tommy�s Express Car Wash,360 Car Wash
Spotless Brands,4th u0026 Douglas
GO Car Wash,A-KEY CAR WASH
Mammoth Holdings LLC,AGGIELAND EXPRESS #2
WhiteWater Express Car Wash,AGGIELAND EXPRESS
ModWash,ALL STAR CAR WASH
Express Wash Concepts,ALOHA CAR WASH
Super Star Car Wash,AMERICAN CAR WASH
Autobell Car Wash,AUTO WASH EXPRESS
LUV Car Wash,Abercorn
Summit Wash Holdings,Adore Car Wash
True Blue Car Wash,Alabaster Wash and Wax
Splash Car Wash,Aladdin Car Wash
Caliber Car Wash,Alameda
BlueWave Express Car Wash,Alamosa
El Car Wash,All American Big Spring
Splash in ECO Car Wash,All American Boerne
Golden Nozzle Car Wash,All American Bulverde
Champion Xpress Carwash,All American Car Wash
Crew Carwash,All American Dezavala
Sam's Xpress Car Wash,All American Kitty Hawk
Jax Kar Wash,All American Ou0027Connor
Terrible Herbst,All American Vance Jackson
Big Dan's Car Wash,All Washed Up Canonsburg
Mr. Clean Car Wash,All Washed Up Dubois
Raceway Express Car Wash,All Washed Up Harmar
Sparkling Image Car Wash,All Washed Up Johnstown
Wash N' Roll,All Washed Up Munhall
Rich's Car Wash,All Washed Up Uniontown
Mike's Car Wash,Aloha Car Wash Bothell
Surf Thru Express Car Wash,Aloha Car Wash Woodinville
Watershed Carwash,Alpine Express
WetGo Car Wash,Alpine Wash
Delta Sonic,Alton Town Center
The Wash Tub,Amaranth
Gas N Wash,American Pride Garner
Hurricane Express Wash,American Pride Glenwood
Brown Bear Car Wash,American Pride Newbern
Waterway Carwash,American Pride Six Forks
Hoffman Car Wash,American Pride Smithfield
Quick N Clean,Annau0027s Car Wash
ClearWater Express Wash,Apple Wu0026L
Thoroughbred Express Auto Wash,Aqua Blue
Trademark Car Wash,Aqua Blue Duluth
Rocket Carwash,Aqua Breeze Car Wash
Soapy Joe�s Car Wash,Aqua Bubble Car Wash
Wash Masters Car Wash,Arco Wash
Washville Car Wash,Atlantic Blvd
Fast 5 Xpress Car Wash,Atlantic Express
Glide XPRESS Car Wash,Auto Paradise Car Wash
Prestige Car Wash,Auto Suds Express West
Ultra Clean Express,AutoBrite Express
Flagstop Car Wash,Autobahn Auto Care Center
Mighty Wash,Autobahn Express
Mr. Magic Car Wash,Autosoak
ScrubaDub Auto Wash Centers,Autosport Car Wash
Splash Car Wash & Oil Change,Avatar
Woodie's Wash Shack,Aztec
WOW Carwash,B3 Car Wash
Carnation Auto Spa,BBCW
Dirty Dog�s Car Wash,BDPu0027s Kwapa Car Wash
Tagg-N-Go,BELMONT CAR WASH
Drive & Shine Car Wash,BIG STEVES CAR WASH
Flash Car Wash,BUCKEYE CAR WASH
Sgt. Clean�s Car Wash,Balboa
TruShine Car Wash,Bamboo Carwash
Francis & Sons Car Wash,Baymeadows
Fuller's Car Wash,Beach u0026 Hodges
Shiny Shell Car Wash,Beach Bum Express
Washman Car Washes,Bella Stone Car Wash
Bubble Down Car Wash,Benton - Congo Rd
Elephant Super Car Wash,Bentonville - S Walton Blvd
Kaady Car Wash,Bentonville - SW Regional Airport Rd
Ronny's Car Wash,Berwick
Big Peach Car Wash,Big Danu0027s Acworth
Bliss Car Wash,Big Danu0027s Albany
Buddy Bear Car Wash,Big Danu0027s Bradenton 14th St
Fast Eddie's Car Wash & Oil Change,Big Danu0027s Bradenton 301
Gate Express Car Wash,Big Danu0027s Columbia
Zax Auto Wash,Big Danu0027s Crystal River
Haffner's,Big Danu0027s Dale Mabry
Rainforest Carwash & Oil Change,Big Danu0027s Decatur
Shammy Shine Car Washes,Big Danu0027s Fairburn
Car Spa,Big Danu0027s Hiram
Mach-1 Express Wash,Big Danu0027s John Young Pkwy
Ridi Stores,Big Danu0027s Lady Lake
Rocky Mountain Car Wash,Big Danu0027s Lakewood Ranch
Breeze Thru Car Wash,Big Danu0027s OBT
Carriage House Car Wash,Big Danu0027s Pinellas Park
EDGE Express Car Wash,Big Danu0027s Rome
Metro Express Car Wash,Big Danu0027s Tarpon Springs
Pelican Pointe Car Wash,Big Danu0027s Toccoa
The Auto Spa,Big Danu0027s Woodstock
Valet Auto Wash,Big Danu0027s Woodstock 2
All American Car Wash,Big DanÃ¢â‚¬â„¢s Bradenton
Charlie�s Car Wash,Big Kahuna CW
iShine Express Car Wash & Detail,Big Peach Conyers
Jacksons,Big Peach Forsyth
Speedy Stop Car Wash,Big Peach Gray Hwy
Team Car Wash,Big Peach Griffin
Wash-Rite Express Car Wash,Big Peach Hardeman
WashU Car Wash,Big Peach Jackson
White Horse Auto Wash,Big Peach Napier
Fast Splash Car Wash,Big Peach Ola
Hang 10 Car Wash,Big Peach Tallahassee
Raindrop Car Wash,Big River Selma
RocketFast Car Wash,Big River Troy
Super Clean Car Wash,Big Sammyu0027s Car Wash Maple Shade
Time To Shine Car Wash,Big Sammyu0027s Car Wash Marlton
WashX Car Wash,Blanding u0026 Hyde
Xtreme Auto Wash,Blanding
7 Flags Car Wash,Blast Car Wash
Cheetah Clean Auto Wash,Blu Palm Express
Ducky's Car Wash,Blu Wave Express Wash
Groove Car Wash,Bluu0027s Flex Serve Car Wash
Mr Wash Car Wash,BluWave Car Wash
Red Carpet Car Wash,Blue Cow Car Wash
Scrub-a-Dub,Blue Diamond
Shine Time Super Wash,Blue Iguana Chestnut
Tsunami Express,Blue Iguana East Kearney
Wash Factory Car Wash,Blue Iguana S. Campbell
Xpress Car Wash,Blue Iguana South Fremont
Blue Penguin Car Wash,Blue Iguana Sunshine
BriteworX Car Washery,Blue Iguana West Kearney
Clean Sweep Car Wash,Blue Jay Car Wash
Cloud 10 Smartwash,Blue Penguin Douglasville
Everclean Car Wash,Blue Penguin Griffin
Scenic Suds Car Wash,Blue Penguin Marietta
Scrubby�s Car Wash,Blue Rhino Car Wash
Skweeky Kleen Car Wash,Blue Sky Englewood
SpeedWash Car Wash,BlueWave Alamo
Suds Deluxe Car Wash,BlueWave Alvin
WashGuys Car Wash,BlueWave Barker Cypress
Auto Spa Car Wash (WA),BlueWave Beaumont
Benny�s Car Wash,BlueWave Bibb
Driven Car Wash,BlueWave Brownsville
Fabulous Freddy�s Car Wash,BlueWave Brownsville 2
Jet Splash Car Wash,BlueWave Cibolo
Radiant Express Car Wash,BlueWave Cinco Ranch
Velocity Car Wash,BlueWave Conroe
Auto Spa LA,BlueWave Del Rio
Clearwave Car Wash,BlueWave Edinburg 2
Ocean Blue Car Wash,BlueWave Eldridge
Snap Clean Car Wash,BlueWave FM2920
Speedwash,BlueWave Fry
Sud Stop Car Wash,BlueWave Groves
Ace Auto Wash,BlueWave Harlingen
BlueBird Express Car Wash,BlueWave Humble
Dream Clean Car Wash,BlueWave Jones
H2Go Car Wash,BlueWave Katy
Pony Express Carwash,BlueWave Laredo
Washtopia Car Wash,BlueWave League City
American Pride Xpress Carwash,BlueWave Livingston
Canton Car Wash,BlueWave Long Point
Endless Clean Car Wash,BlueWave Lumberton
Mr. Sparkle Car Wash,BlueWave Magnolia
Mr. Splash Car Wash,BlueWave McAllen Nolana
Pete's Express Car Wash,BlueWave McAllen Trenton
RaceWash,BlueWave Mission
Screaming Eagle  Express Car Wash,BlueWave Monte Cristo
Shur-Kleen Car Wash,BlueWave Montgomery
Spin Car Wash,BlueWave Penitas
Supershine Xpress Carwash,BlueWave Pharr
5 Minute Express Car Wash,BlueWave Reading
Cadillac Express Car Wash,BlueWave Rio Grande
Fast Freddy�s Car Wash,BlueWave San Antonio
FullSpeed Automotive,BlueWave San Juan
Magic Brush Car Wash,BlueWave San Rafael
Soapy Noble Car Wash,BlueWave Sienna
Waves Express Car Wash,BlueWave Southmore
Four Seasons Car Wash,BlueWave Spencer
,BlueWave Sugar Pine
,BlueWave Weslaco
,BlueWave Wesley
,Bobbyu0027s Car Wash
,Brickyard Car Wash
,Bridge St
,Bridge Street Lowell
,Broad and Lehigh
,Broad-Reed
,Brookhurst Express Car Wash
,Brooksville
,Bryant - N Reynolds Rd
,Bubbas Express Car Wash
,Bubble Bay
,Bubble Down Brandon
,Bubble Down North Tampa
,Bubble Down Riverview
,Bubble Down Wesley Chapel
,Bubble Tunnel Car Wash
,Buena Vista
,Buff It #2
,Buff It Auto Wash
,Buggy Bath
,Bulldog Car Wash
,Burlington
,Busteru0027s Car Wash
,Bustleton Car Wash
,CHAGRIN AUTO SPA
,CLOSTER CAR WASH
,COLORADO AUTO WASH
,CR210
,Cabot - Willie Ray Dr
,Cadillac Express Bingle Rd
,Cadillac Express Post Oak Rd
,Cadillac Express 249
,Cadillac Express Cullen
,Cadillac Express Little York
,Cajun Clean
,Cajun Clean Gautier
,Calhoun
,Caliber Snellville
,Caliber - Smyrna
,Caliber Fort Walton Beach - Eglin
,Caliber Inverness
,Canon City
,Canton Auto Wash
,Capitol Car Wash
,Car Wash Cafe
,Car Wash Mt Washington
,Car Wash Palace
,Carisma Car Wash
,Carlu0027s Wash
,Carmel Car Wash 2
,Carmel Car Wash 3
,Carmel Car Wash 4
,Carmel Mtn Ranch
,Carriage Wash
,Carroll Clean Owings Mills
,Cartersville
,Cartersville
,Carusou0027s Car Care
,Castaway Car Wash
,Cave Springs
,Cedar Hill
,Cedar Place
,Cedar Town
,Chamblee
,Champion - Old Hickory
,Champion CW - HENDER
,Champion CW - PLVIEW
,Champion Car Wash
,Champions CW
,Champs Car Wash
,Charleeu0027s Car Wash
,Chemical Guys Car Wash
,Chestnut St
,Chickering Road N. Andover
,Clarksville
,Classic Auto Wash
,Classic Touch Car Wash
,ClassicCarWashRI.com
,Classie Express Wash
,Clean Car Wash
,Clean N Shine
,Clean Wave Express Carwash
,Clean Wheels
,ClearWater - Burleson
,ClearWater - Cleburne
,ClearWater - Conroe
,ClearWater - Conroe 105
,ClearWater - Cypress
,ClearWater - Houston 249
,ClearWater - Katy
,ClearWater - Magnolia
,ClearWater - McKinney
,ClearWater - Tamina
,ClearWater - Terrell
,ClearWater - Westgreen
,ClearWater - Willis East
,ClearWater - Woodforest
,Clearview Car Wash East Tawas
,Clearview Car Wash Oscoda
,Clearview Car Wash Ripley
,Clearview Car Wash State Street
,Cliffu0027s Car Wash #2
,Cliffu0027s Car Wash
,Cliffu0027s Harrison
,Coastal Car Wash
,Coastline Express
,Collins
,Collins
,Colonial Express
,Columbus
,Complete Auto Detail
,Conway - Old Morrilton Hwy
,Cool Clean Car Wash
,Cool River Express Car Wash
,Coors
,Copper Gate
,Coral Springs Car Wash
,Coralville
,Corinth
,Costa Verde
,Covington
,Cranston Car Wash
,Crown America
,Cruiseru0027s Corner Car Wash
,Crystal Clean Auto Spa
,DAVID CHEVROLET
,DONu0027S EXPRESS CARWASH
,Dallas Kwik-Mart
,Damon
,Davieu0027s Auto Spa
,Daybreak Market
,Deep Clean Car Wash
,Del Mar Highlands
,Delta
,Detricks 544
,Detricks Conway
,Detricks Glenforest
,Diamond Express
,Dickerson Pike
,Dickson City
,Dickys Bluffton
,Dickys Decatur
,Dickys Huntington
,Dino Dash Dixie
,Dino Dash Riverside
,Dirty Daveu0027s Car Wash
,Dix Hill Car Wash
,Dog House Auto Spa
,Dolphin Auto Spa
,Dolphin Xpress
,Douglasville
,Drip Auto Spa
,Drive Thru Express
,Druid Hills
,Dunn
,Durango
,Durbin
,Durham
,E. Plaza
,ENGLEWOOD CAR WASH
,EXPRESS AUTO WASH
,EXPRESSWAY 55
,East Central
,Eastlake
,Edge Express Cary
,Edge Express Dumfries
,Edge Express Garner
,Edge Express Morrisville
,Edge Express Rock Hill
,Edge Express Shelby
,Edge Express Shelby 2
,Edge Express Stafford
,Edgewood
,El Centro
,El Paso Alameda
,El Paso Gateway
,Elks Edge
,Emerson
,Encinitas Car Wash
,Escondido
,Espanola
,Evanston Car Wash
,Evergreen Car Wash
,Express Auto Wash Coquitlam
,Express Auto Wash Surrey
,Express Car Wash Dalby
,Express Car Wash Fillmore
,Express Car Wash Republic
,Express On Vaughn
,Express Pro Carwash Auburn
,Express Tunnel Carwash
,Express Wash Central
,Express Wash Kissimmee
,Express Wash Lakeland
,Extreme Express
,FASTLANE EXPRESS CAR WASH
,FLAVO_N.Hwy27
,FLKIS_W.IrloBronson
,FLLAK_Hwy27
,FLORL_Narcoossee
,FLOVI_Alafaya
,FLWIN_W.Colonial
,Fairborn Car Wash
,Fairhope
,Falcon
,Fast Lap Car Wash
,Fast N Furious
,Fast Pass Car Wash
,Fast Trac
,Fenton
,Fernandina Beach
,Fine N Shine
,Firehose Car Wash
,Five Star Boone
,Five Star Gate City
,Five Star Statesville
,Flawless Auto Bath Inc
,Fleming Island
,Flex Wash
,Florence
,Floris Car Wash
,Floris Car Wash Econ
,FoamWorks Brunswick
,FoamWorks Cordele
,FoamWorks Hartley Bridge
,FoamWorks Lithia Springs
,FoamWorks Riverside
,FoamWorks Thomaston
,FoamWorks Vidalia
,Foothills Car Wash
,Ford CarWash
,Forest City
,Fort Lauderdale
,Fort Smith - Highway 71
,Fort Smith - Massard Rd
,Frankieu0027s Car Wash Gilbert
,Fresh Wash - Braselton
,Fresh Wash - Gainesville
,Ft Lauderdale
,Ft Walton -Beal
,Ft. Lupton
,Fullerton Car Wash
,Fusion Express CarWash
,GAWOO_Eagle
,Galesburg
,Gallo Car Wash
,Gallup 49
,Gallup 66
,Gardendale
,Georgetown
,Glacier Express 24th St
,Glacier Express King Ave
,Gloss Car Wash
,Go Clean Car Wash
,Go Clean Car Wash Eufaula
,Go Clean Mobile City
,Go Clean Monroe
,Go Clean Pensacola
,Go Green N Clean
,Googie Anaheim
,Googie Whittier
,Grand Prix CW
,Grand Prix Express
,Granite Falls
,Grease Monkey 1116
,Great North Auto Wash
,Green Ocean Car Wash
,Greenbrier - S Broadview St
,Greenway Auto Wash
,Grime Scene
,Gwatzilla Car Wash
,H2GLO CAR WASH
,H2O AUTO SPA
,HAMPTON AUTO WASH
,HIPPO CAR WASH
,HONDA WORLD
,Hall of Fame Carwash
,Hampstead
,Happy Car Wash
,Happy Car Wash Albany
,Harper
,Haverhill Street Lawrence
,Hercules/Elite Care Auto
,Hernando
,Heroes Car Wash Asheville
,Heroes Car Wash Taylors 2900
,Heroes Cary
,Heroes Express 6050
,Heroes Express Pleasantburg
,Heroes Express Salisbury
,Heroes Express Woodruff
,Hitech CP
,Homestead
,Horn Lake
,Howell 2
,Huntsville
,Huntsville
,Huzzyu0027s Car Wash
,I-91 Express Wash
,IKO Car Wash
,Imperial Car Wash
,In and Out
,In-N-Out Car Wash
,Indian Harbour
,Indianola
,International Auto Spa
,International Golf
,Intracoastal Car Wash
,Irvine
,JC AUTO WASH
,JJ Express Car Wash
,JJu0027s Car Wash Dickinson
,JJu0027s Car Wash Friendswood
,JJu0027s Car Wash League City
,Jallo - Land O Lakes
,Jallo - Tarpon Springs
,Jammin Car Wash
,Jet Express Carwash
,Jet Express Franklin
,Jets Car Wash II
,Jim Wood Washland
,Jimmy Suds Car Wash
,Joeu0027s Premium Car Wash
,Johnu0027s Auto Spa Mishawaka
,Johnu0027s Auto Spa Nappanee
,Jones
,Juan Tabo
,Jules Car Wash Brandon
,Jules Car Wash Fish Hawk
,Jules Car Wash Riverview
,Jungerman
,Jupiter Galaxy Car Wash
,KUHNSVILLE CAR WASH
,KWIK CAR WASH
,KYLOU_CaneRun
,KYWIN_Codella
,Kennesaw
,Kernan
,Kind Car Wash
,King Street Littleton
,Kingu0027s Car Wash
,Kiwi Car Wash Vero
,Klemm Express
,Klemm Express Inbay
,Koala Car Wash
,LA Xpress Car Wash
,LEXINGTON AUTO SPA
,LINDSTROM CAR WASH
,LOUISVILLE
,Lafayette
,Lake Charles Toyota
,Lake Effect
,Lake Havasu Express
,Lake Mead
,Lake Wales
,Lakes Edge
,Lakeside Auto Wash
,Lancaster Car Wash
,Las Vegas
,Lathrop Arco Car Wash
,Launch Car Wash #2
,Launch Car Wash
,Legacy Express Wash
,Lightning Express Car Wash
,Lightning Fast
,Liquid Sunshine
,Little Rock - Geyer Springs Rd
,Local Car Wash
,Lomas
,Lonestar Suds 34th
,Lonestar Suds Express Car Wash 2
,Long Street
,Los Lunas
,Loveland CO
,Lowell Road Hudson
,MEGA CAR WASH
,MENDHAM CAR WASH
,MONKEY SHINE
,MR. SUDS HANDWASH
,MURRAY AUTO SPA
,MZX SUPERIOR CAR WASH u0026 LUBE
,Mableton
,Madison
,Magic City Car Wash
,Magic Hillsboro
,Magnus Car Wash
,Main Street Tewksbury
,Maricamp
,Marshalltown
,Maumelle - Audubon Dr
,Max Leggett
,McKinney
,Mega Shine Wash
,Melbourne East
,Menaul
,Menifee
,Miami Executive Car Wash
,Mid River
,Mint Carwash
,Mint Express Houston
,Mint Express Katy
,Mistic Express Car Wash
,Mobyu0027s Car Wash
,Mojo Xpress Hopkins Center
,Mojo Xpress Wash
,Monkey Shine Car Wash
,Monster Car wash AZ
,Monster Express Car Wash
,Monster Wash
,Montana
,Montgomeryville
,Moreno Valley
,Morrilton - E Harding St
,Mountain Edge
,Mountain Express #1
,Mountain Express #2
,Moyka 441
,Mr Clean Adairsville
,Mr Clean Blairsville
,Mr Clean Canton
,Mr Clean Cumming
,Mr Clean Dahlonega
,Mr Clean DeBary
,Mr Clean Duluth
,Mr Clean Holcomb
,Mr Clean Jimmy Carter
,Mr Clean Leesburg
,Mr Clean Loganville
,Mr Clean Ocala
,Mr Clean Orange Park
,Mr Clean Oxford
,Mr Clean Pleasant Hill
,Mr Clean Shallowford
,Mr Clean Sharpsburg
,Mr D Car Wash
,Mr. Bu0027s Car Wash - Sumiton
,Mr. Suds Car Wash
,My Wash
,NCGOL_N.Berkeley
,NCHOL_GrandHill
,Naples Car Wash
,Nellis
,Neptune Beach
,New Day Car Wash
,New Shackle Island
,Newport Auto Spa
,Nocatee
,Norco Auto Spa
,North Deland
,North Lauderdale
,North Lauderdale
,North Little Rock - JFK BLVD
,North Port CW
,OBXpress
,OCTOPUS CAR WASH
,Oakleaf
,Oasis Auto Spa
,Ocala -Silver Springs
,Ocala Pine Ave
,Ocean Express
,Ocean State Car Wash
,Octopus Express
,Ogeechee
,Old St Augustine
,Old Town
,Ollie Wash Henderson
,Ollie Wash Owensboro
,Orange City
,Orbit Car Wash
,Orca Express
,Ottou0027s Express Car Wash
,Ottou0027s Freeport
,Ottou0027s Santa Rosa
,Ottumwa
,Oxford
,PASTIME AUTO WASH
,PAULu0027S HINGHAM CAR WASH
,PECW
,PV Car Wash
,Palatka
,Palm Ave
,Palm Coast
,Papa Bear Anderson
,Papa Bear Anderson 2
,Papa Bear Easley
,Papa Bear Greenville
,Paradise 2
,Paradise Falls Carwash
,Parker Street Lawrence
,Passyunk Ave
,Patu0027s NU Star - Winter Haven
,Patriot Petroleum
,Peachy Clean
,Pebble Hills
,Pelican Auto Wash
,Pelican Car Wash
,Pennsauken
,Pensacola - Navy
,Peoria Ave
,Peppyu0027s Car Wash
,Peppyu0027s Car Wash Union City
,Phenix City
,Pirates Cove Goldsboro
,Plaistow Road Haverhill
,Plantation Island
,Platinum Auto Spa
,Pleasant Valley Street Methuen
,Polished Peach Car Wash
,Ponte Vedra
,Pooler
,Port Richey
,Precision Xpress CarWash
,Presidential Car Wash #1
,Presidential Car Wash #2
,Prestige Auto Spa
,Prestige Car Wash
,Presto Car Wash
,Pristine Car Wash
,Pueblo
,Pure Car Wash
,QUICK AND CLEAN CAR WASH
,Quick Jet Car Wash
,Quick n Clean Kenosha
,QuikWash Encino
,Ru0026R SUPERIOR BELLFORT CARWASH
,RACCOON EXPRESS CW
,RAINDANCER OF GLENVILLE
,RED ROCKET CAR WASH #1
,RED ROCKET CAR WASH #2
,RIVERHEAD TOYOTA CAR WASH
,ROCK u0026 ROLL CW
,RUSSELL SPEEDERS 2
,RUSSELL SPEEDERS AVON
,Radiant Apollo Beach
,Radiant Auburndale
,Radiant Habana
,Radiant Land Ou0027 Lakes
,Radiant Poinciana
,Radiant Spring Hill
,Radiant Zephyrhills
,Rainbow
,Rancho Bernardo
,Regina Auto Bath LLC
,Rev Express
,Richmond Hill 1
,Richmond Hill 2
,Ride Thru
,Rinse My Ride Cactus
,Rinse My Ride Glendale
,Rinse My Ride Union Hills
,Rio Rancho
,Rio Rancho North
,Riptide Dallas
,Riptide Durham
,Riptide Gastonia
,Riptide Morehead City
,Riptide Neuse
,Riptide Northridge
,Riptide Portsmouth
,Riptide Richmond
,Riptide Shallotte
,Riptide Spring Lake
,Riverside Ionia
,Riverside Lowell
,Road Runner Express #2
,Road Runner Express
,Roadrunner Express Menomonee Falls
,Roadrunner Express Mukwonago
,Roadrunner Express New Berlin
,Rock N Roll Jupiter
,Rock N Roll Stuart
,Rocket Wash Chapel Hill
,Rocket Wash Foothills
,Rocket Wash Goldsboro 2
,Rocket Wash Mebane
,Rocket Wash Rome
,Rocket Wash Wilkesboro
,Rockmart
,Rocks Edge
,Rogers - W Huntington Dr
,Rogue Carwash
,Rolling Thunder
,Rosecrans
,Route 66 Car Wash
,Royal Pines
,Royal Splash Car Wash
,Rub A Dub
,Russellville - E Main St
,SI Auto Bath Inc.
,SIMPLY CLEAN CW (VALLEY CW)
,SPARKLE AUTO WASH
,SPARTA CAR WASH
,SPLASH AND DASH CAR WASH
,SQUEAKY CLEAN CW 2
,STEESE
,SUNSET CAR WASH
,SUPER SPRAY
,SUPERIOR ALMEDA CAR WASH
,SUPERIOR FRY CAR WASH
,SUPERIOR MERMAID CAR WASH
,SUPERIOR TOMBALL CARWASH
,Safety Harbor
,Saint Augustine
,Salt Lick
,San Bernardino
,San Jose 2
,San Sebastian
,Santa Fe
,Saratoga Honda
,Scarborough Car Wash
,Scrubadoo
,Seaford Car Wash
,Seaway Car Wash North
,Seaway Car Wash South #2
,Seaway Car Wash South
,Secaucus Car Wash
,Senatobia
,Shammyu0027s Unlimited Beach
,Shammyu0027s Unlimited Davis
,Shammyu0027s Unlimited Forest
,Shammyu0027s Unlimited Haslet
,Shammyu0027s Unlimited McCart
,Sherwood - E Kiehl Ave
,Shortman Car Wash
,Shortman Car Wash 2
,Shortman Car Wash 3
,Silver City
,Slim Olson Car Wash
,Smittyu0027s Car Wash Champaign
,Smittyu0027s Car Wash Corsicana
,Smittyu0027s Car Wash Fredericksburg
,Smittyu0027s Car Wash Greenville
,Smittyu0027s Car Wash Kerrville
,Smittyu0027s Car Wash Lindale
,Smittyu0027s Car Wash Lufkin
,Smittyu0027s Car Wash Marshall
,Smittyu0027s Car Wash Princeton
,Snap Clean
,Snap Clean Kiest
,Snappy Car Wash
,Snappy Cicero
,Snappy Kedzie Express Car Wash
,Snappy Winkler
,Soak City Car Wash
,Soak Craigieburn
,Soap My Ride
,Soapatopia Car Wash
,Soapy Ju0027s
,Soapy Nobles 219 S Westfield St Ag
,Soapy Nobles 76 N Rd East Windsor CT
,Soapy Saddle Norco
,Soapy Samu0027s
,Soapy Shark Lake Worth
,Soapy Shark Okeechobee
,Soggy Dog CW
,Solar City
,Sonic Suds Five Forks
,Sonic Suds Greenville
,Sonic Suds Simpsonville
,Sonnyu0027s Car Wash
,Sonnyu0027s Car Wash
,Sonoran Express CW #2
,Sonoran Express CW
,South Deland
,Southaven
,Sparkyu0027s
,Spectacular 1830
,Spectacular 1990
,Spectacular 954
,Speedy Peteu0027s Car Wash
,Splash And Dash Atlantic City
,Splash Auto Wash
,Splash Brothers Wolfforth
,Splash Car Wash
,Splash Dunlawton Ave
,Splash Herbert St
,Splash Hopper Express
,Splash N Foam
,Splash Ormond
,Stephenville
,Stevens Creek Xpress
,Strang
,Sud Stop Bradenton
,Suds Bucket Wash
,Suds Deluxe Commerce
,Suds Deluxe Georgetown
,Suds Deluxe Highway 6
,Suds Deluxe Kyle
,Suds Deluxe Pasadena
,Suds Deluxe San Marcos
,Suds Deluxe Stafford
,Suds Deluxe Tomball
,Suds N Vac
,Sudzyu0027s Car Wash
,Summerville
,Sun Splash
,Sunny Daze Car Wash
,Sunrise Car Wash
,Sunset
,Sunshine / SasqWash Express
,Super 4 Season Car Wash
,Super Duck Hazel Green
,Super Duck Madison
,Super Duper
,Super Scrub Car Wash
,Super Splash Carwash
,Super Suds Carwash
,Superfine Lakewood
,Superior Flagship
,Superior Shine Car Wash
,Superior Texas Car Wash
,Swift Car Wash
,THOMAS CAR WASH
,TLC Car Wash
,TLC Car Wash 2
,TXAUS_Hwy290
,TXGRA_Hwy377
,TXNEW_Walton
,Tampa
,Taos
,Texas Car Wash
,Texas Pride Car Wash
,Texas Star Wash LLC
,The Auto Spa @ Main Street
,The Auto Spa @ University
,The Good Wash
,The Washery
,Thoroughbred Ashland
,Thoroughbred Bardstown
,Thoroughbred Bedford
,Thoroughbred Campbellsville
,Thoroughbred Charleston
,Thoroughbred Crosslanes
,Thoroughbred Danville
,Thoroughbred Glasgow
,Thoroughbred Hal-Greer
,Thoroughbred Hurricane
,Thoroughbred Lawrenceburg
,Thoroughbred Madison
,Thoroughbred Maysville
,Thoroughbred North Vernon
,Thoroughbred Pendleton
,Thoroughbred Russellville
,Thoroughbred Seymour
,Thoroughbred South Point
,Thoroughbred Teays
,Toledo
,Top Wash Clairmont
,Top Wash Peachtree
,Total Package Cape Coral
,Total Package Lakeland
,Touch u0026 Go CW
,Town Center
,Town Center Auto Wash
,Trident Express Car Wash
,Trident Express Carwash
,Tropicana
,Tru Car Wash
,TruShine #2 Abingdon
,TruShine #3 Johnson City(Boones Creek)
,TruShine Bristol
,True Clean
,Trushine #4 Kingsport
,Trushine #5 Sevierville
,Trushine #6 Blountville
,Tsunami Gary
,Tsunami Grand Chute
,Tsunami Greenfield
,Tsunami La Porte
,Tsunami Menasha
,Tsunami Mt Pleasant
,Tsunami Oak Creek
,Tsunami Portage
,Tsunami Waukesha
,Turnpike Car Wash
,Twins Merritt Island
,U-DRIVE
,ULTIMATE CAR WASH
,ULTRA SHINE AUTO SPA
,UNIVERSITY
,US Car Wash
,Uncle Charlies #1
,Universe
,Urbandale
,V EXPRESS CAR WASH
,VENICE CAR WASH
,VICS CAR WASH
,VIPEXPRESSCARWASH.NET
,ValleyStream NY
,Valvoline Express Care
,Vancouver
,Varsity Carwash Duff
,Varsity Carwash Lincoln
,Velocity Car Wash
,Vibe Car Wash McKinney
,Vibe Car Wash Plano
,Vicu0027s Express
,Victory Car Wash
,Virginia Car Wash Co.
,Vision Car Wash
,Vista
,Vortex Car Wash
,WASHPOINTE AUTO WASH
,WASHWORKS EXPRESS
,WATER GAP CAR WASH
,WOW Car Wash
,WOW Car Wash Winder
,Warrior Way
,Wash 37055
,Wash 37062
,Wash 37135
,Wash Ashore Fairhaven
,Wash Ashore Plymouth
,Wash City Apopka
,Wash City Casselberry
,Wash City Semoran
,Wash City University
,Wash It Dean
,Wash N Go Calexico
,Wash N Go Car Wash
,Wash N Roll Antioch
,Wash N Roll Athens
,Wash N Roll Bellevue
,Wash N Roll Charpi
,Wash N Roll Melrose
,Wash Rack 95
,Wash Rite Bridgeport
,Wash Rite Logan
,Wash Rite Marietta
,Wash Rite Moundsville
,Wash Rite Murdoch
,Wash Rite Parkersburg
,Wash Rite Vienna
,Wash Rite Weirton
,Wash Rite Wintersville
,Wash Up Griffith
,Wash Up Hammond
,Wash Up Portage
,Wash Up Valparaiso
,Wash Wizard Ladson
,Wash Wizard Summerville
,Washbox Car Wash
,Waters Davenport
,Waters Deland
,Waters Haines City
,Waters Lakeland
,Waters Palm Springs
,Waters Stuart
,Waters Venice
,Waterways Car Spa
,Waterworks Express Car Wash
,Wave Auto Wash
,Waverly
,Waves Express Carwash
,Wayne Avenue
,Weber Wu0026L
,West Chester Car Wash
,West Little Rock - Chenal Pkwy
,West Memphis
,Wet Rabbit Lake Stevens
,Wet Rabbit Lakewood
,Wet Rabbit Marysville
,WetnJet Car Wash
,Whistle Express CW - Fredericksburg
,Whistle Express CaUniversity Boulevard
,Whistle Express Car Wash - Alachua
,Whistle Express Car Wash - Baxley
,Whistle Express Car Wash - Beaufort
,Whistle Express Car Wash - Bemiss
,Whistle Express Car Wash - Blanding
,Whistle Express Car Wash - Blue Ridge
,Whistle Express Car Wash - Callaway
,Whistle Express Car Wash - Cedar Hills
,Whistle Express Car Wash - Charleston
,Whistle Express Car Wash - Fairlawn
,Whistle Express Car Wash - Forest
,Whistle Express Car Wash - Gainesville
,Whistle Express Car Wash - Harriman
,Whistle Express Car Wash - Hazelhurst
,Whistle Express Car Wash - Jasper
,Whistle Express Car Wash - Leland
,Whistle Express Car Wash - Live Oak
,Whistle Express Car Wash - Louisburg
,Whistle Express Car Wash - Macedonia
,Whistle Express Car Wash - Magnolia Dr
,Whistle Express Car Wash - Mayport
,Whistle Express Car Wash - Melbourne
,Whistle Express Car Wash - Midlothian
,Whistle Express Car Wash - Monroe
,Whistle Express Car Wash - Mount Airy
,Whistle Express Car Wash - Murphy
,Whistle Express Car Wash - Orange Park
,Whistle Express Car Wash - P C
,Whistle Express Car Wash - PC Beach
,Whistle Express Car Wash - Pole Green
,Whistle Express Car Wash - Pooler
,Whistle Express Car Wash - Powhatan
,Whistle Express Car Wash - Racers Edge
,Whistle Express Car Wash - Ramsey
,Whistle Express Car Wash - Roxboro
,Whistle Express Car Wash - Skibo
,Whistle Express Car Wash - SouthPort
,Whistle Express Car Wash - Surfside
,Whistle Express Car Wash - Washington
,Whistle Express Car Wash - Wendover
,Whistle Express Car Wash - Westover
,Whistle Express Car Wash -Boll Weevil
,Whistle Express Car Wash Crawfordville
,Whistle Express Car WashChristiansburg
,Whistle Express Car WashHendersonville
,Whistle Express Car WashMilitary Trail
,Whistle Express Car WashNorth Valdosta
,Whistle Express Car WashPort Wentworth
,Whistle Wash Alliant
,Whistle Wash Conway
,Whistle Wash Eagles Landing
,Whistle Wash Myrtle Beach
,White Water CW
,Wicked Wash
,Willyu0027s Wash
,Wilmington
,Winchester
,Windsor Forest
,Winter Park
,Winter Street Haverhill
,Wolfrum
,Woodieu0027s 4th Street
,Woodieu0027s 66
,Woodieu0027s Ballantrae
,Woodieu0027s Bayshore
,Woodieu0027s Centerpoint
,Woodieu0027s Dale Mabry
,Woodieu0027s Gibsonton
,Woodieu0027s Lutz
,Woodieu0027s Nokomis
,Woodieu0027s Park Blvd
,Woodieu0027s Silver Palm
,Woodieu0027s Skyway
,Woodieu0027s Sun City
,Woodieu0027s Ulmerton
,Woodieu0027s W Gandy
,Wyoming
,XCell Auto Spa
,Xpress Car Wash
,Xtreme Car Wash
,Yamato Gas
,Yulee
,ZAKu0027s Car Wash
,Zelo Car Wash
,#21 WEISS GUYS EXPRESS
,#23 WEISS GUYS EXPRESS
,#67 WEISS GUYS EXPRESS
,#75 WEISS GUYS EXPRESS
,194 S. Broadway Lawrence
,67th Ave
,A Proper Wash
,ADAMu0027S GOLDSBORO CW
,AMERICAN CW
,AMERICAN CW LAYTON
,AMITY CAR WASH
,APRO
,AQUA EXPRESS ENID
,AQUA EXPRESS LAWTON
,AQUA EXPRESS NORTH MAY
,Aberdeen Car Wash
,Alexandria √É¬¢√¢‚Äö¬¨√¢‚Ç¨≈ì Viewpoint Drive
,Aqua Express Memorial
,Athens √É¬¢√¢‚Äö¬¨√¢‚Ç¨≈ì Westside
,Attalla
,Ayers
,BEACH HAND WASH
,BEE CLEAN CAR WASH 2
,BEE CLEAN CAR WASH 3
,BEE CLEAN CAR WASH 4
,BEE CLEAN CAR WASH 5
,BEE CLEAN CAR WASH 6
,BEE CLEAN CAR WASH 7
,BEE CLEAN CARWASH
,BIG KAHUNA
,BLUE DIAMOND AUTO SPA.
,BMS ALEXANDRIA
,BMS EXPRESS WASH
,BSCW
,Bellevue
,Bethlehem √É¬¢√¢‚Äö¬¨√¢‚Ç¨≈ì Parkway Pointe
,Big Danu0027s Car Wash
,Big Danu0027s Pembroke Park
,Black Diamond
,Blue Sky Car Wash
,Blue Sky Express
,Blue Water Express
,Bluffton √É¬¢√¢‚Äö¬¨√¢‚Ç¨≈ì Fording Island Road
,Bobby u0026 Steveu0027s Auto World
,Brevard √É¬¢√¢‚Äö¬¨√¢‚Ç¨≈ì Asheville Highway
,Bridgeville
,Broad Street
,Bubble Time Express Carwash
,CAR PRIDE AUTO SPA
,CLASSY CHASSIE CAR WASH
,CLEAN CAR EXPRESS
,CLEARWASH AIRPORT
,CONRAD CAR WASH
,COUGAR RIDGE
,CShack
,Cadillac Express #3 Kuykenahl Rd
,Campbell
,Car Wash On 5th
,Carmel Car Wash
,Carnation Auto Spa
,Champion CW - Antioch
,Champion CW - CHARPI
,Chattanooga (E Brainerd Rd)
,Cherry Hill
,Colonial Car Wash
,Coraopolis
,Cornelia √É¬¢√¢‚Äö¬¨√¢‚Ç¨≈ì Highway 441
,Crew Carwash
,DAVIS EXPRESS WASH
,DR CAR WASH PLUS-PECAN GROVE
,DR CAR WASH PLUS-WESTHEIMER
,Dale Shine Alton Gloor
,Dale Shine Brownsville
,Dale Shine Chihuahua
,Dale Shine Edinburg
,Dale Shine Harlingen
,Dale Shine Laredo
,Dale Shine Laredo Hwy 83
,Dale Shine McAllen u0026 10th
,Dale Shine McAllen HWY 83
,Dale Shine Rio Grande
,Dale Shine San Benito
,Dale Shine Saunders
,Davenport (Lake Wilson Rd)
,Davenport (US 27)
,Diamond Auto Salon
,Dix Hills Car Wash
,Douglasville
,ENCINO AUTO SPA
,EVERGREEN CAR WASH
,EZ Car Wash
,East Ridge
,Eden
,El Car Wash- 021
,Erie
,Eugene Oil
,Evolution Car Wash
,Extreme Clean Auto Wash
,FHCWu0026D
,FL0209 North Lauderdale S State Rd 7
,FL0210 Fort Lauderdale W Sunrise Blvd
,FL0211 Homestead S. Dixie Hwy
,FL0212 Weebers Crossing
,FL0213 Atlantic Beach
,FL0214 Fleming Island
,FL0215 Kernan
,FL0216 San Jose
,FXN
,FXS
,Fast and Friendly Maricopa II
,Five Star Ramsey
,Five Star Skibo
,Five Star Wendover
,FoamWorks Fayetteville
,FoamWorks Stockbridge
,Full Throttle Car Wash
,GA0107 Cartersville Joe Frank Harris Pkwy
,GA0108 Summerville N. Commerce St.
,GERRINGS CAR WASH
,GO Car Wash
,GO Car Wash- 412 Rock Port
,GO Car Wash- 413 Market
,Gaffney
,Gamebird Pahrump Circle K
,Glasshouse Autospa
,Go Car Wash
,Goldsboro
,Greensboro √É¬¢√¢‚Äö¬¨√¢‚Ç¨≈ì Lake Oconee
,Griffin
,H2O Express Car Wash
,Hanover
,Hermitage
,Hero CarWash
,Heroes Car Wash
,HiTech SP
,Hixson (Lakesite)
,Hixson (New Country Dr)
,Hixson (TN-153)
,Hurricane Bay Express
,Hydro Express Wash
,ISLAND AUTO WASH ON 61ST
,Infinity Hand Carwash
,Jets Car Wash and Detail
,KC Lodi
,KLEEN MACHINE
,Kent
,Kissimmee
,Koziol Car Wash
,Lakes Edge
,Landshark Express Wash u0026 Detail
,Laurens
,Lavelland
,Letu0027s Go Bixby
,Letu0027s Go Broken Arrow
,Letu0027s Go Car Wash 4
,Letu0027s Go Jenks
,Letu0027s Go Miami
,Letu0027s Go Rogers
,Letu0027s Go Shawnee
,Lexington
,Living Water - Aurora
,Living Water - Belmar
,Living Water - County Line
,Living Water - East Littleton
,Living Water - Littleton
,Living Water - Thornton
,Lonestar Suds Express Car Wash
,Loves Express II Car Wash
,MAGIC TOUCH CAR WASH
,MALL CAR WASH
,MIAMI CARWASH u0026 DET CENTER
,MR KLEAN CAR WASH
,MR SPEEDY CAR WASH
,MR. K CAR WASH
,Magic Barboursville
,Magic Belle
,Magic Circleville
,Magic Defiance
,Magic Gallipolis
,Magic Huntington
,Magic LaGrange
,Magic Piqua
,Magic Portsmouth
,Magic Sidney
,Magic Tiffin
,Magic Troy
,Magic Van Wert
,Magic Waverly
,Magic Wilmington
,Marietta
,McFarland
,Mechanicsburg
,Melrose
,Millville
,Minit Man Car Wash
,Mountain Edge
,Mr Clean Grayson
,Mr. Bu0027s Car Wash - Gardendale
,NMALA_S.WhiteSands
,NORTH ARLINGTON CAR WASH
,NORTHRIDGE AUTO SPA
,Nine Mile
,Nine Mile Rd
,OLD SUDS STOP DO NOT USE
,Oak Hill
,Oakleaf
,PINES EXPRESS CAR WASH
,PINKYu0027S KLASSY KAR WASH
,POPPu0027S EXPRESS CAR WASH
,Paradise Bay Express II
,Patriot Express
,Patriots Car Wash
,Plant City
,Pooler Express
,Port Charlotte
,Port Wentworth
,Pure Wash
,QUALITY CAR WASH
,Quick and Clean Car Wash
,Quick and Clean Car Wash Niceville
,Quick and Clean DeFuniak Springs
,Quick and Clean John Sims
,Quickly Clean Self Serve
,RAINBOW CAR WASH
,RHYNO CAR WASH
,ROBIN AUTO WASH
,ROCKET CAR WASH
,ROUND LAKE EXPRESS - TOPWASH.COM
,Racers
,Rainbow Car Wash
,Rapid Express Car Wash
,Richmond √É¬¢√¢‚Äö¬¨√¢‚Ç¨≈ì Lantern Ridge Road
,Rinse My Ride
,River Falls Car Wash
,River Rock Car Wash
,Rivers Edge
,Riverview
,Road Runner Car Wash
,Roanoke Rapids
,Rock Island Express
,Rocket Wash Cary
,Rocket Wash Conyers
,Rocket Wash Covington
,Rocket Wash Goldsboro
,Rocket Wash Lafayette (Luv CW Group)
,Route 3 Car Wash
,S. Broadway Salem
,SANDUSKY CLEAN SCENE
,SCRUB A DUB CW
,SHINE CAR WASHES
,SHINE LINE EXPRESS
,SHOW PLACE
,SIERRA EXPRESS
,SPARKLE BRITE CAR WASH
,SPARKLE EXPRESS
,SPEEDY STRANG
,SPLASH CARWASH RP
,SPLASH CW LAN
,SQUEAKY CLEAN CW
,SUDS ON 83
,SUPER SHINE AUTO WASH
,SUPER SOAKER CARWASH
,Salisbury
,Sanford
,Scrub Hub
,Shine N Go Brunswick #2
,Shine Shack
,Shores Express Christiansburg
,Shores Express Leland
,Shores Express Radford
,Shores Express SouthPort
,Sicklerville
,Skyland
,Smittyu0027s Car Wash White Plains
,Snappy Kedzie Express Wash
,Soap City
,Soapies
,Some Guyu0027s Car Wash
,Southern Palms CW
,Splash N Shine
,Splash Zone Car Wash
,Statesboro √É¬¢√¢‚Äö¬¨√¢‚Ç¨≈ì Grady Johnson Road
,Station Auto Wash
,Sunnyu0027s Car Wash
,Sunrise Car Wash (old)
,Super Shine Car Wash
,Superior Car Wash u0026 Detail
,Supershine
,Swish Car Wash
,Synergy Hand Wash
,TEJAS CAR WASH
,THE CLEAN MACHINE
,Take 5 Arvada
,Take 5 Car Wash #113
,Take 5 Car Wash #114
,Take 5 Car Wash #115
,Take 5 Car Wash #452
,Take 5 Car Wash #466
,Take 5 Car Wash #662
,Take 5 Car Wash #686
,Take 5 Muskogee
,The Carwash Company #2
,The Carwash Company W Broadway
,Thomasville
,Tidal Wave Muskogee
,Tiki Express Car Wash
,Twins Blue Ridge
,Twins Car Wash
,Twins Car Wash FL
,Twins Murphy
,ULTIMATE CW (NORTH COUNTRY CLUB)
,University Park Auto SPA
,Utah Valley CW - Inbay
,Utah Valley Car Wash
,Utah Valley Lube
,VALLEY CAR WASH
,Valley CW #1
,W4 Savannah - Thunderbolt
,WASH u0026 SHINE CAR WASH
,WET RHINO TRUCK WASH
,Wash City Avon Park
,Wash City Kissimmee
,Wash City Lake Nona
,Wash City Lake Wales
,Wash City Oviedo
,Wash City Winter Garden
,Wash Guys
,Wash N Go
,Wash N Go AZ
,Wash N Go Central Point
,Wash N Go Medford
,Wash N Go White City
,Wash Pros
,Wash X
,WashandGo Kissimmee
,Washington
,Weber Dealership
,White Water Express
,Wilkins
,Winston-Salem
,Winter St
,Youngstown (Belmont Ave)
,Youngstown (Boardman Poland Rd)
,Youngstown (Mahoning Ave)
,Zips Car Wash
,Zips Car Wash
,Zips Express Car Wash
,Zoom Car Wash
