full_site_address,Latitude,Longitude,car_wash_name,distance_from_nearest_target,count_of_target_5miles
"*** StoneWash *** Car Care Center , 818 Paris Rd , Mayfield , KY , 42066",36.7325312,-88.6330322,STONEWASH CAR CARE CENTER,,0
"A-KEY CAR WASH , 2210 N Prince St , Clovis , NM , 88101",34.4211501,-103.1969689,A-Key Car Wash,,0
"ALL STAR CAR WASH , 5835 N Market St , Shreveport , LA , 71107",32.6003451,-93.841208,N/A,,0
"Abercorn , 10509 Abercorn St , Savannah , GA , 31419",31.9858522,-81.1330952,LUV Car Wash,2.46190777478506,1
"Alabaster Wash and Wax , 916 1st St S , Alabaster , AL , 35007",33.2331449,-86.8116296,Alabaster Car Wash,0.75199957950434,1
"Alameda , 395 Alameda Blvd NW , Albuquerque , NM , 87114",35.1891491,-106.6161158,Champion Xpress Carwash,2.25878055976312,3
"Alamosa , 51 Craft Dr , Alamosa , CO , 81101",37.4765837,-105.8945442,Champion Xpress Carwash,,0
"All American Big Spring , 513 W Marcy Dr , Big Spring , TX , 79720",32.2284801,-101.4727633,All American Car Wash,,0
"All American Boerne , 1376 S Main St , Boerne , TX , 78006",29.7768476,-98.726846,All American Car Wash,,0
"All American Car Wash , 917 N 7th St , Vincennes , IN , 47591",38.6808632,-87.5201897,All American Car Wash and Express Lube,,0
"All Washed Up Canonsburg , 405 Old Pike St , Canonsburg , PA , 15317",40.2614149,-80.1747502,All Washed Up Auto Spa,,0
"All Washed Up Dubois , 306 Liberty Blvd , DuBois , PA , 15801",41.1205763,-78.758636,All Washed Up Auto Spa,,0
"All Washed Up Harmar , 2404 Freeport Rd , Pittsburgh , PA , 15238",40.5336038,-79.8458897,All Washed Up Auto Spa,0.579729092066089,1
"All Washed Up Johnstown , 1119 Scalp Ave , Johnstown , PA , 15904",40.281186,-78.8627293,All Washed Up Auto Spa,,0
"All Washed Up Munhall , 630 William Marks Dr , Homestead , PA , 15120",40.4096318,-79.8993024,All Washed Up Auto Spa,0.560451751525858,2
"All Washed Up Uniontown , 15 New Salem Rd , Uniontown , PA , 15401",39.9105773,-79.7474519,All Washed Up Auto Spa,0.627086727930461,1
"Amaranth , 200 W Amaranth Ln , Lincoln , NE , 68523",40.7445062,-96.7255223,Soapatopia Car Wash,3.29792213228923,2
"American Pride Smithfield , 1203 N Brightleaf Blvd , Smithfield , NC , 27577",35.5195152,-78.3146416,American Pride Xpress Car Wash,,0
"Aqua Breeze Car Wash , 150 E Felton Rd , Cartersville , GA , 30120",34.1971313,-84.7921299,Aqua Breeze Car Wash,1.72228462061932,1
"Auto Suds Express West , 25th North 25th St. , Lebanon , PA , 17042",40.3402231,-76.4568065,AutoSuds West Car Wash,2.47274908997712,2
"AutoBrite Express , 211 N Cooper Dr , Henderson , NC , 27536",36.3328772,-78.4411117,"AutoBrite Car Washes, Inc.",,0
"Autosoak , 18711 S Gardner Rd , Gardner , KS , 66030",38.7887778,-94.9270292,Autosoak Car Wash,,0
"Autosport Car Wash , 6628 Whittlesey Blvd , Columbus , GA , 31909",32.549643,-84.9331716,Autosport Wash,2.48059032582278,1
"Avatar , 1623 S Poinciana Blvd , Kissimmee , FL , 34758",28.257958,-81.485298,Waters Car Wash,,0
"Aztec , 1520 Aztec Blvd , Aztec , NM , 87410",36.8263159,-108.0119144,Champion Xpress Carwash,,0
"B3 Car Wash , 611 Tenaha St , Center , TX , 75935",31.8038311,-94.1867481,Express Car Wash,,0
"BDP's Kwapa Car Wash , 3200 W Casino Dr , Somerton , AZ , 85350",32.6101385,-114.6549997,B.D.P 's Kwapa Kar Wash,,0
"BIG STEVES CAR WASH , 561 North Main St , Leominster , MA , 1453",42.55114,-71.7638088,Big Steve's $5 Car Wash,3.0128093210207,1
"Bella Stone Car Wash , 2413 Palermo Parkway , Temple , TX , 76502",31.0378299,-97.3912928,Bella Stone Car Wash,3.87765915829332,1
"Berwick , 5702 Ogeechee rd , Savannah , GA , 31322",32.0285169,-81.2226747,LUV Car Wash,4.16055963790879,1
"Big Dan's Crystal River , 517 NE 5th St , Crystal River , FL , 34429",28.8986604,-82.5859672,Big Dan's Car Wash,,0
"Big Dan's Fairburn , 7925 Senoia Rd , Fairburn , GA , 30213",33.5396761,-84.5776059,Big Dan's Car Wash,,0
"Big Dan's Hiram , 2850 Jimmy Lee Smith Pkwy , Hiram , GA , 30141",33.9019157,-84.77816,Big Dan's Car Wash,2.16520359002517,1
"Big Dan's Lady Lake , 135 US-441 , Lady Lake , FL , 32159",28.9187793,-81.9229062,Big Dan's Car Wash,1.44781092693958,1
"Big Dan's Toccoa , 2421 GA 17Alt , Toccoa , GA , 30577",34.5655692,-83.29788,Big Dan's Car Wash,,0
"Big Dan's Woodstock , 289 Ridgewalk Pkwy , Woodstock , GA , 30188",34.1195579,-84.5192049,Big Dan's Car Wash,2.81122110831706,1
"Big Dan's Woodstock 2 , 300 Gold Creek Trail , Woodstock , GA , 30188",34.086258,-84.466738,Big Dan's Car Wash,3.56421568484225,3
"Big Kahuna CW , 61 Commodore St , Hazard , KY , 41701",37.299364,-83.2012171,Big Kahuna Car Wash,,0
"Big Peach Forsyth , 126 N Lee St , Forsyth , GA , 31029",33.0404585,-83.9400952,Big Peach Car Wash - Forsyth,,0
"Big Peach Jackson , 583 E 3rd St , Jackson , GA , 30233",33.2947224,-83.9602247,Big Peach Car Wash,,0
"Big Peach Ola , 3479 Hwy 81 , McDonough , GA , 30252",33.4366472,-84.0385491,Big Peach Car Wash,,0
"Big River Selma , 2409 N Broad St , Selma , AL , 36701",32.4325392,-87.0249312,Big River Car Wash,,0
"Big River Troy , 1221 US-231 , Troy , AL , 36081",31.7801113,-85.949913,Big River Car Wash,,0
"Blanding , 580 Blanding Blvd , Orange Park , FL , 32073",30.1522001,-81.7514299,LUV Car Wash,4.18629297031025,1
"Blu Wave Express Wash , 306 E Franklin St , Sylvester , GA , 31791",31.5301708,-83.8334232,Blu Waye Express Wash,,0
"Blu's Flex Serve Car Wash , 420 S Main St , Lumberton , TX , 77657",30.2490469,-94.1977178,Blu's Car Wash,,0
"Blue Penguin Griffin , 1475 N Expy , Griffin , GA , 30223",33.2738091,-84.2918572,Blue Penguin Car Wash,,0
"Blue Rhino Car Wash , 3614 Cobb Pkwy NW , Acworth , GA , 30101",34.0440574,-84.6949093,Blue Rhino Carwash & Emmissions,0.711020534522065,1
"BlueWave Alvin , 2002 E HWY 6 , Alvin , TX , 77511",29.4218032,-95.2267778,BlueWave Express Car Wash,,0
"BlueWave Bibb , 645 South Bibb Ave , Eagle Pass , TX , 78852",28.6989033,-100.484934,BlueWave Express Car Wash,,0
"BlueWave Cibolo , 174 W Borgfeld Rd , Cibolo , TX , 78108",29.5725582,-98.2389545,BlueWave Express Car Wash,,0
"BlueWave Conroe , 10345 Highway 242 , Conroe , TX , 77385",30.2091694,-95.4239756,BlueWave Express Car Wash,3.22838026976878,1
"BlueWave Del Rio , 2201 Veterans Blvd , Del Rio , TX , 78840",29.3891844,-100.9047145,BlueWave Express Car Wash,,0
"BlueWave Humble , 9719 N Sam Houston Pkwy E , Humble , TX , 77396",29.9355463,-95.2435561,BlueWave Express Car Wash,,0
"BlueWave League City , 1740 W FM646 , League City , TX , 77573",29.4669391,-95.0874048,BlueWave Express Car Wash,0.173741480805369,1
"BlueWave Livingston , 1829 US Highway 190 W , Livingston , TX , 77351",30.7176553,-94.9618149,BlueWave Express Car Wash,,0
"BlueWave Lumberton , 710 S Main St , Lumberton , TX , 77657",30.2423772,-94.196705,BlueWave Express Car Wash,,0
"BlueWave Montgomery , 20210 Eva St Montgomery , Montgomery , TX , 77356",30.3886464,-95.6805365,BlueWave Express Car Wash,,0
"BlueWave Penitas , 1807 Expressway 83 , Penitas , TX , 78576",26.2440893,-98.4418103,BlueWave Express Car Wash,,0
"BlueWave Rio Grande , 4343 US-83 , Rio Grande City , TX , 78582",26.3442811,-98.7440723,Bambam's Car Wash,,0
"Bryant - N Reynolds Rd , 2116 N Reynolds Rd , Bryant , AR , 72022",34.6140151,-92.4977299,Splash Car Wash,1.97352193661119,1
"Buff It #2 , 1699 Stick Ross Mountain Rd , Tahlequah , OK , 74464",35.8919067,-94.9858551,Buff It Auto Wash 2,,0
"Buff It Auto Wash , 1408 E Wade Watts Ave , McAlester , OK , 74501",34.9237442,-95.751091,Buff It Auto Wash,,0
"Bulldog Car Wash , 2920 Atlanta Hwy , Athens , GA , 30606",33.9453994,-83.4395095,Bulldog Car Wash & Golf Carts,0.128961598284846,3
"Burlington , 3155 E Agency St , Burlington , IA , 52601",40.8142028,-91.1381794,Champion Xpress Carwash,1.84894738434245,1
"Buster's Car Wash , 2409 Route 9 , Malta , NY , 12020",42.9635835,-73.7908461,Buster's Car Wash,,0
"CHAGRIN AUTO SPA , 8327 E Washington St , Chagrin Falls , OH , 44023",41.4140899,-81.344812,Chagrin Auto Spa,4.49691540298112,1
"Cabot - Willie Ray Dr , 210 Willie Ray Dr , Cabot , AR , 72023",34.9816958,-92.0354003,Splash Car Wash,,0
"Cajun Clean , 2240 Denny Ave , Pascagoula , MS , 39567",30.3703765,-88.5403641,Cajun Clean Express Car Wash,,0
"Cajun Clean Gautier , 2235 US-90 , Gautier , MS , 39553",30.3903613,-88.6456867,Cajun Clean Express,,0
"Calhoun , 460 Hwy 53 , Calhoun , GA , 30701",34.4761289,-84.9279642,Dirty Dog's Car Wash Calhoun,,0
"Caliber Inverness , 2001 Hwy 44 W , Inverness , FL , 34453",28.83717,-82.3558067,Caliber Car Wash,,0
"Canon City , 3110 E Main St , Canon City , CO , 81212",38.4465114,-105.1920275,Champion Xpress Carwash,,0
"Capitol Car Wash , 3125 Airport Rd , Pierre , SD , 57501",44.3818768,-100.3122439,Capitol Car Wash,,0
"Carisma Car Wash , 2407 W Dickinson Blvd , Fort Stockton , TX , 79735",30.8937579,-102.9062363,Carisma Car Wash,,0
"Carmel Car Wash 3 , 2003 S Goliad St , Rockwall , TX , 75087",32.9118499,-96.4511337,Carmel Car Wash,1.56667841392284,1
"Cartersville , 1330 Joe Frank Harris Pkwy SE , Cartersville , GA , 30120",34.2071766,-84.8163398,LUV Car Wash,2.93361327108886,1
"Cartersville , 9 Hillview Ave NE , Cartersville , GA , 30121",34.2065892,-84.8002252,Mach-1 Express Wash of Cartersville,2.47481701940799,1
"Castaway Car Wash , 1686 S 8th St , Fernandina Beach , FL , 32034",30.6479175,-81.4592685,Castaway Car Wash,,0
"Cedar Town , 1559 Rome Hwy , Cedartown , GA , 30125",34.045311,-85.2369717,Mach-1 Express Wash Cedartown,,0
"Champion - Old Hickory , 1432 Robinson Rd , Old Hickory , TN , 37138",36.2568948,-86.6562578,Champion Car Wash,3.95737903778703,1
"Champion CW - HENDER , 1159 W Main St , Hendersonville , TN , 37075",36.3085083,-86.6632137,Advanced Autowash II,1.74421168843499,2
"Champion CW - PLVIEW , 101 Ren Mar Dr , Pleasant View , TN , 37146",36.397869,-87.030783,Champion Car Wash,,0
"Champion Car Wash , 930 Old US Hwy 1 , Southern Pines , NC , 28387",35.1677913,-79.4033042,Champion Car Wash & Detail Shop,0.764363701639744,1
"Champions CW , 20118 Stone Oak Parkway , San Antonio , TX , 78258",29.6260576,-98.4953595,Car Wash,1.34206495935139,3
"Champs Car Wash , 775 N Mustang Rd , Tuttle , OK , 73089",35.3019905,-97.7245565,Champs Car Wash,,0
"Clarksville , 1606 Haynes St , Clarksville , TN , 37043",36.515143,-87.315686,Whitecap Car Wash,,0
"Classic Auto Wash , 289 N Comrie Ave , Johnstown , NY , 12095",43.0191956,-74.3623202,Classic Auto Wash,,0
"Clean Wheels , 3919 Cheyenne Street , Cheyenne , WY , 82001",41.1469765,-104.7615591,Clean Wheels Car Wash,2.25598693129086,1
"ClearWater - Burleson , 279 NW John Jones Dr , Burleson , TX , 76028",32.523754,-97.3526833,ClearWater Express Wash,0.209223211681486,1
"ClearWater - Cleburne , 809 W Henderson St , Cleburne , TX , 76033",32.3440449,-97.3974471,ClearWater Express Car Wash,,0
"ClearWater - Conroe 105 , 14667 Hwy 105 West , Montgomery , TX , 77356",30.3539021,-95.5851161,ClearWater Express Wash,,0
"ClearWater - Houston 249 , 6421 West Rd , Houston , TX , 77086",29.9123294,-95.4837309,ClearWater Express Wash,4.50607148202171,2
"ClearWater - Magnolia , 14206 Farm to Market Rd 1488 , Magnolia , TX , 77354",30.2243894,-95.68431,ClearWater Express Wash,,0
"ClearWater - Willis East , 111 Holland St , Willis , TX , 77378",30.4229852,-95.4861172,ClearWater Express Wash,,0
"Clearview Car Wash East Tawas , 1748 US-23 , East Tawas , MI , 48730",44.2909221,-83.4528286,N/A,,0
"Clearview Car Wash Oscoda , 5232 N U.S. 23 , Oscoda , MI , 48750",44.432142,-83.3297029,Clearview Car Wash,,0
"Clearview Car Wash Ripley , 135 S Ripley St , Alpena , MI , 49707",45.0606433,-83.4526433,Ripley Car Wash,,0
"Clearview Car Wash State Street , 105 Mason St , Alpena , MI , 49707",45.0475512,-83.4484188,State Street Auto Wash,,0
"Coastline Express , 4447 Main St , Shallotte , NC , 28470",33.984025,-78.3666889,The RipTide Car Wash,,0
"Conway - Old Morrilton Hwy , 1505 Old Morrilton Hwy , Conway , AR , 72032",35.1113002,-92.4448947,Splash Car Wash & 10-Minute Oil Change,2.44099927391517,1
"Coors , 5401 Sevilla Ave NW , Albuquerque , NM , 87120",35.1411474,-106.6991857,Champion Xpress Carwash,3.66334753863428,1
"Corinth , 2210 S Harper Rd , Corinth , MS , 38834",34.9120866,-88.5034177,Mach-1 Express Wash of Corinth,,0
"Covington , 29 Robbins Rd , Covington , TN , 38019",35.5436772,-89.663502,Century Express Carwash - Covington,,0
"Crystal Clean Auto Spa , 75 Old HWY 96 , Bonaire , GA , 31005",32.5488135,-83.5955388,Crystal Clean Auto Spa,,0
"DAVID CHEVROLET , 10225 Niagara Falls Blvd , Niagara Falls , NY , 14304",43.0986208,-78.9422278,David Chevrolet Car Wash,1.97189864467254,1
"DON'S EXPRESS CARWASH , 200 Waldon Rd , Harlan , KY , 40831",36.8192661,-83.3184822,Don's Express Car Wash,,0
"Dallas Kwik-Mart , 2384 Memorial Highway , Dallas , PA , 18612",41.3313887,-75.9536603,Dallas kwik-Mart,,0
"Daybreak Market , 19701 Cochran Blvd , Port Charlotte , FL , 33948",27.0167144,-82.1334659,DayBreak Car Wash,0.600568952840836,1
"Delta , 1201 Valley View Dr , Delta , CO , 81416",38.751272,-108.055851,Champion Xpress Carwash,,0
"Detricks Conway , 2280 Church St , Conway , SC , 29526",33.85278,-79.0754414,N/A,,0
"Detricks Glenforest , 1036 Glenforest Rd , Myrtle Beach , SC , 29579",33.7547775,-78.9635923,Detrick's Car Wash,4.96796477826141,1
"Diamond Express , 1801 Lander Ave , Turlock , CA , 95380",37.475985,-120.8494004,Fast Track Car Wash,3.58989383811398,1
"Dickys Bluffton , 1930 N Main St , Bluffton , IN , 46714",40.7705245,-85.166528,Dicky's Express Car Wash,,0
"Dickys Decatur , 1022 S 13th St , Decatur , IN , 46733",40.818633,-84.939277,Dicky's Express Car Wash,,0
"Dickys Huntington , 2600 Walmart Dr , Huntington , IN , 46750",40.898213,-85.5135535,Dicky's Express Car Wash,,0
"Dog House Auto Spa , 731 W Rogers Blvd , Skiatook , OK , 74070",36.3682186,-96.0117013,Dog House Auto Spa,,0
"EXPRESS AUTO WASH , 7167 NY-54 , Bath , NY , 14810",42.3490756,-77.3089603,Express Auto Wash,,0
"Eastlake , 13509 Eastlake Blvd , El Paso , TX , 79928",31.6986017,-106.2213483,Champion Xpress Carwash,4.88476328495984,1
"Edge Express Garner , 4717 NC-42 , Garner , NC , 27529",35.6108709,-78.5531604,Edge Express Car Wash,,0
"Edge Express Shelby , 925 E Dixon Blvd , Shelby , NC , 28152",35.2744626,-81.5270426,Edge Express Car Wash,,0
"Edge Express Shelby 2 , 1696 E Dixon Blvd , Shelby , NC , 28152",35.2728672,-81.5051658,Edge Express Car Wash,,0
"Edgewood , 3 NM Hwy 344 , Edgewood , NM , 87015",35.1482669,-106.1914196,N/A,,0
"Elks Edge , 547 CC Camp Rd , Elkin , NC , 28621",36.2787554,-80.8330241,Elks Edge Express Wash,,0
"Espanola , 1319 N Riverside Dr , Espanola , NM , 87532",36.0111124,-106.0636052,Champion Xpress Carwash Española,,0
"Express Wash Kissimmee , 1095 Amber Pointe Blvd , Kissimmee , FL , 34744",28.280829,-81.344289,Express Wash on Irlo,,0
"Express Wash Lakeland , 5430 Florida Ave S , Lakeland , FL , 33813",27.9665149,-81.9645933,Express Wash on Florida,2.34540880522425,1
"FASTLANE EXPRESS CAR WASH , 924 E 30th Ave , Hutchinson , KS , 67502",38.087,-97.9111,Fastlane Express Car Wash,,0
"FLAVO_N.Hwy27 , 1101 US-27 , Avon Park , FL , 33825",27.608686,-81.515066,El Car Wash - Avon Park,,0
"FLLAK_Hwy27 , 23461 US-27 , Lake Wales , FL , 33859",27.9519851,-81.6185727,El Car Wash - Lake Wales,,0
"Fairborn Car Wash , 1052 Kauffman Ave , Fairborn , OH , 45324",39.8098171,-84.0258805,Wash it Dean,3.57227679113232,1
"Fairhope , 20310 AL-181 , Fairhope , AL , 36532",30.521774,-87.8517334,Mach-1 Express Wash Fairhope,,0
"Fast Pass Car Wash , 638 North H Street , Lompoc , CA , 93436",34.6486028,-120.4570624,Fast Pass Car Wash Inc,,0
"Fenton , 3709 Owen Rd , Fenton , MI , 48430",42.7891069,-83.7442545,Drip Car Wash,0.383518493342463,1
"Fernandina Beach , 474339 SR 200 , Fernandina Beach , FL , 32034",30.61808,-81.514613,LUV Car Wash,2.45090234458493,1
"Fine N Shine , 1304 TX-121 , Bonham , TX , 75418",33.5867548,-96.1921253,Fine 'N Shine Carwash,,0
"Five Star Boone , 1200 Blowing Rock Rd , Boone , NC , 28607",36.2034723,-81.6668446,5 Star Express Car Wash,,0
"Five Star Statesville , 117 Turnersburg Hwy , Statesville , NC , 28625",35.8085295,-80.8764773,5 Star Express Car Wash,,0
"Fleming Island , 1725 Eagle Harbor Pkwy , Fleming Island , FL , 32003",30.1027697,-81.7048645,LUV Car Wash,0.224930278039707,1
"Flex Wash , 1285 U.S. 31 N , Petoskey , MI , 49770",45.3896578,-84.9129299,Flex Wash,,0
"Florence , 2339 David H McLeod Blvd , Florence , SC , 29501",34.1874969,-79.8197635,Caliber Car Wash,0.831927531528623,1
"FoamWorks Brunswick , 5200 Altama Ave , Brunswick , GA , 31525",31.2061049,-81.4822407,FoamWorks Auto Spa of Brunswick,0.36193124125397,1
"FoamWorks Cordele , 1305 16th Ave E , Cordele , GA , 31015",31.9624515,-83.7617001,FoamWorks Auto Spa of Cordele,,0
"FoamWorks Hartley Bridge , 4701 Hartley Bridge Rd , Macon , GA , 31216",32.744358,-83.725563,FoamWorks Auto Spa of Hartley Bridge Macon,,0
"FoamWorks Lithia Springs , 369 Westfork Ct , Lithia Springs , GA , 30122",33.7942326,-84.633738,FoamWorks Auto Spa of Lithia Springs,4.33357782867685,1
"FoamWorks Riverside , 4780 Riverside Dr. , Macon , GA , 31201",32.9217734,-83.7107966,FoamWorks Auto Spa of Riverside,,0
"FoamWorks Thomaston , 5551 Thomaston Rd. , Macon , GA , 31220",32.8344408,-83.742574,FoamWorks Auto Spa of Thomaston Rd Macon,,0
"FoamWorks Vidalia , 203 Rigsbee Dr , Vidalia , GA , 30474",32.2110446,-82.3949092,FoamWorks Auto Spa of Vidalia,,0
"Forest City , 157 Plaza Dr , Forest City , NC , 28043",35.3341532,-81.8970099,Mach-1 Express Wash Forest City,,0
"Fort Smith - Highway 71 , 12114 US-71 , Fort Smith , AR , 72916",35.2690562,-94.3700276,Splash Car Wash,,0
"Fort Smith - Massard Rd , 5800 Massard Rd , Fort Smith , AR , 72903",35.3260818,-94.3415391,Splash Car Wash,2.78902752719698,1
"Fresh Wash - Braselton , Exchange Way , Braselton , GA , 30517",34.1223755,-83.7642661,PC Fresh Wash,,0
"Ft Walton -Beal , 794 Beal Pkwy NW , Fort Walton Beach , FL , 32547",30.446616,-86.63932,Caliber Car Wash,2.73369427750479,1
"GAWOO_Eagle , 2907 Eagle Dr , Woodstock , GA , 30189",34.113012,-84.5571699,Zips Car Wash,2.00126181469708,1
"Galesburg , 334 E Carl Sandburg Dr , Galesburg , IL , 61401",40.9761518,-90.3654388,Champion Xpress Carwash,1.14129851707116,2
"Gallup 49 , 1060 US-491 , Gallup , NM , 87301",35.5382265,-108.7581009,Champion Xpress Carwash,,0
"Gallup 66 , 1300 E Historic Hwy 66 , Gallup , NM , 87301",35.529778,-108.7220066,Champion Xpress Carwash,,0
"Gardendale , 420 Fieldstown Rd , Gardendale , AL , 35071",33.6522172,-86.8173304,Mach-1 Express Wash Gardendale,3.26246433223276,1
"Georgetown , 20945 N Dupont Blvd , Georgetown , DE , 19947",38.6892922,-75.3972612,Mach-1 Express Wash Georgetown,,0
"Go Clean Car Wash Eufaula , 1 Veteran Blvd , Eufaula , AL , 36027",31.842735,-85.1676913,Go Clean Car Wash,,0
"Go Clean Mobile City , 6658 Mobile Hwy , Pensacola , FL , 32526",30.4763011,-87.3079223,Go Clean Car Wash,,0
"Go Clean Monroe , 3218 N Monroe St , Tallahassee , FL , 32303",30.4864428,-84.3167069,N/A,,0
"Go Clean Pensacola , 8897 Pensacola Blvd , Pensacola , FL , 32534",30.5263517,-87.2756117,Go Clean Car Wash,3.03420052313515,2
"Granite Falls , Riverbend Club Point , Granite Falls , NC , 28630",35.7892015,-81.3806659,N/A,,0
"Great North Auto Wash , 2701 N Lincoln Rd , Escanaba , MI , 49829",45.780323,-87.0842742,Great North Auto Wash,,0
"Greenbrier - S Broadview St , 98 S Broadview St , Greenbrier , AR , 72058",35.2228379,-92.3876296,Splash Car Wash,,0
"Grime Scene , 513 TX-114 , Levelland , TX , 79336",33.5944716,-102.3586622,Grime Scene Car Wash Levelland,,0
"Gwatzilla Car Wash , 1701 T P White Dr , Jacksonville , AR , 72076",34.8820519,-92.1105156,Gwatzilla Wash-N-Lube,,0
"H2GLO CAR WASH , 1905 Electric Rd , Cave Spring , VA , 24018",37.2475657,-80.0346677,H2Glo carwash,,0
"Hall of Fame Carwash , Gateway Blvd , Leland , NC , 28451",34.213539,-78.0197913,Hall of Fame Car Wash,,0
"Hampstead , 38 Dan Owen Dr , Hampstead , NC , 28443",34.3656598,-77.7116709,Caliber Car Wash,,0
"Happy Car Wash Albany , 527 NW North Albany Rd , Albany , OR , 97321",44.6428313,-123.1126361,Happy's Drive Thru Car Wash,1.90168961431095,1
"Hercules/Elite Care Auto , 1401 Lexington Ave , Mansfield , OH , 44907",40.72053,-82.5435665,Hercules Express Wash,,0
"Hernando , 2660 McIngvale Rd , Hernando , MS , 38632",34.8209976,-89.9712562,Century Express Carwash,,0
"Heroes Car Wash Asheville , 2000 Hendersonville Rd , Asheville , NC , 28803",35.4858828,-82.5247986,Heroes Car Wash,2.62293205795732,1
"Heroes Express 6050 , 6050 Wade Hampton Blvd , Taylors , SC , 29687",34.9354072,-82.2761998,Car Wash Heroes,0.238371954454639,1
"Heroes Express Pleasantburg , 3107 N Pleasantburg Dr , Greenville , SC , 29609",34.8869993,-82.3956837,Hurricane Express Wash,,0
"Heroes Express Salisbury , 1420 E Innes St , Salisbury , NC , 28146",35.6543588,-80.4565091,Heroes Car Wash,,0
"Howell 2 , 4550 E Grand River Ave , Howell , MI , 48843",42.5818921,-83.8629198,Drip Car Wash,4.40227158618582,1
"Huntsville , 1020 Pear Drive , Huntsville , TX , 77320",30.7189698,-95.5677495,Clean Car Wash,0.854794498484799,1
"I-91 Express Wash , 168 Bridge St , East Windsor , CT , 6088",41.9312928,-72.606885,Optimo Car Wash,3.63967832893248,2
"In and Out , 1430 N U.S. Hwy 41 , Ruskin , FL , 33570",27.7311395,-82.4344133,In & Out Express Carwash,,0
"In-N-Out Car Wash , 12883 US-68 , Kenton , OH , 43326",40.6332275,-83.6155622,IN-N-OUT Car Wash,,0
"Indian Harbour , 600 E Eau Gallie Blvd , Indian Harbour , FL , 32937",28.1389437,-80.5905792,Caliber Car Wash,,0
"JC AUTO WASH , 701 S Dewey St , North Platte , NE , 69101",41.127653,-100.762632,J C's Autowash & Quick Lube,,0
"JJ Express Car Wash , 2185 US-70 , Thatcher , AZ , 85552",32.8380212,-109.7363483,J J Express Car Wash,,0
"JJ's Car Wash Dickinson , 404 FM 517 W , Dickinson , TX , 77539",29.4452705,-95.0838394,JJ’s Car Wash - Dickinson,1.42848141640043,1
"JJ's Car Wash Friendswood , 2221 W Parkwood Ave , Friendswood , TX , 77546",29.4855535,-95.2153615,"JJ's Car Wash - Friendswood, TX",,0
"Jallo - Land O Lakes , 15474 State Rd 52 , Land O' Lakes , FL , 34638",28.330187,-82.5597081,Links Car Wash,,0
"Jammin Car Wash , 21356 Walmart Way , Lutz , FL , 33548",28.1769847,-82.4647521,Jammin Car Wash,0.394302663099175,1
"Jet Express Carwash , 1501 S Main St , Blacksburg , VA , 24060",37.213749,-80.3998376,Jet Express,4.129289161193,1
"Jet Express Franklin , 1121 Georgia Rd , Franklin , NC , 28734",35.158971,-83.392801,Jet Express Car Wash,,0
"Jim Wood Washland , 1925 Silver City Hwy NW , Deming , NM , 88030",32.282669,-107.759936,Slash 77 Car Wash,,0
"Joe's Premium Car Wash , 1905 E Robertson Blvd , Chowchilla , CA , 93610",37.126561,-120.2444694,Joe's Premium Car Wash,,0
"John's Auto Spa Nappanee , 2000 E. Market St , Nappanee , IN , 46550",41.4430698,-85.9784108,John's Auto Spa,,0
"KUHNSVILLE CAR WASH , 5627 Tilghman St , Allentown , PA , 18104",40.5927909,-75.5866384,Kuhnsville Car Wash,2.27762562090457,2
"KWIK CAR WASH , 4000 Catnip Hill Rd , Nicholasville , KY , 40356",37.9290658,-84.5501918,bp,4.59945863251961,1
"KYLOU_CaneRun , 4860 Cane Run Rd , Louisville , KY , 40216",38.1806517,-85.8589994,Zips Car Wash,,0
"KYWIN_Codella , 160 Codella Dr , Winchester , KY , 40391",37.9897787,-84.2095068,Zips Car Wash,,0
"Kennesaw , 1585 Crater Lake Dr , Kennesaw , GA , 30152",33.9969501,-84.5907868,Dirty Dog's Car Wash Kennesaw,1.30462300716546,2
"King's Car Wash , 1116 W Corbett Ave , Swansboro , NC , 28584",34.7019676,-77.148783,King's Car Wash Express,,0
"Klemm Express , 4 Mall Road , Salem , NH , 3079",42.7693178,-71.2293634,Klemm's Express CarWash,0.765424771812649,2
"Klemm Express Inbay , 4 Mall Road , Salem , NH , 3079",42.7693327,-71.2293089,Klemm's Express CarWash,0.765424771812649,2
"LOUISVILLE , 1670 Alliant Ave , Louisville , KY , 40299",38.218812,-85.538056,Whistle Express Car Wash,2.30903982458347,2
"Lafayette , 2142 N Main St , LaFayette , GA , 30728",34.7403079,-85.2723458,LUV Car Wash,,0
"Lake Effect , 145 George St , Oswego , NY , 13126",43.4624732,-76.4847243,Lake Effect Car Wash,,0
"Lake Wales , 2043 State Road 60 E , Lake Wales , FL , 33859",27.9031047,-81.6223701,N/A,,0
"Lakes Edge , 7916 Bradley Long Dr , Sherrills Ford , NC , 28673",35.5832605,-80.9887544,Lakes Edge Express Wash,,0
"Lakeside Auto Wash , 617 N Mitchell St , Cadillac , MI , 49601",44.2553229,-85.4038692,Lakeside Autowash,,0
"Las Vegas , 2608 7th St #Nm-518 , Las Vegas , NM , 87701",35.6210093,-105.224725,Champion Xpress Carwash,,0
"Legacy Express Wash , 2583 E 5th Ave , Columbus , NE , 68601",41.4412727,-97.3205261,Legacy Express Wash,,0
"Lightning Fast , 2045 W Oaklawn Rd , Pleasanton , TX , 78064",28.940437,-98.5105038,Lightning Fast Car Wash,,0
"Local Car Wash , 331 W Loudon St , Chambersburg , PA , 17201",39.9361714,-77.667148,The Local Car Spot Company,1.92081719027399,3
"Los Lunas , 250 Main Street NE , Los Lunas , NM , 87031",34.8070818,-106.7335652,Champion Xpress Carwash,,0
"Lowell Road Hudson , 215 Lowell Rd , Hudson , NH , 3051",42.7332558,-71.4259764,Haffner's Gas Station and Car Wash,2.19847355169042,1
"MONKEY SHINE , 2518 Bob Bullock Loop , Laredo , TX , 78045",27.6139336,-99.4674955,Monkey Shine,3.64117167157761,2
"MURRAY AUTO SPA , 1530 HWY 121 N BYPASS , MURRAY , KY , 42071",36.588976,-88.29729,N/A,,0
"Madison , 155 Plaza Blvd , Madison , AL , 35758",34.7099342,-86.7423193,Mach-1 Express Wash Madison,2.80184424049171,2
"Magic City Car Wash , 619 N Broadway , Minot , ND , 58703",48.2427558,-101.2970504,Magic City Car Wash,2.5825649594168,2
"Magic Hillsboro , 1455 N High St , Hillsboro , OH , 45133",39.227106,-83.610754,Take 5 Car Wash,,0
"Maricamp , 125 Bahia Ave Ct , Ocala , FL , 34472",29.113887,-82.021699,Caliber Car Wash,,0
"Marshalltown , 2401 S Center St , Marshalltown , IA , 50158",42.0174381,-92.9132424,Champion Xpress Carwash,,0
"Maumelle - Audubon Dr , 117 Audubon Dr , Maumelle , AR , 72113",34.8516173,-92.4055153,Splash Car Wash,,0
"Moby's Car Wash , 421 E Martintown Rd , North Augusta , SC , 29841",33.4957275,-81.95777,Moby's Car Wash,,0
"Mojo Xpress Hopkins Center , 141 Hopkins Corner Dr , Waynesboro , GA , 30830",33.1062462,-82.0253351,Mojo's Xpress Wash,,0
"Mojo Xpress Wash , 332 South Green St , Swainsboro , GA , 30401",32.5899945,-82.3302568,MoJo's Xpress Wash,,0
"Monster Car wash AZ , 6640 N Viewpoint Dr , Prescott Valley , AZ , 86315",34.6376297,-112.3364188,Monster Car Wash,,0
"Monster Wash , 7020 U.S.Highway 181 N , Floresville , TX , 78114",29.2311555,-98.245306,Monster Wash,,0
"Morrilton - E Harding St , 1803 E Harding St , Morrilton , AR , 72110",35.1704143,-92.719885,Splash Car Wash,,0
"Mountain Edge , 200 E Commonwealth Dr , Wytheville , VA , 24382",36.9600105,-81.0960388,Mountain Edge Express Wash,,0
"Mountain Express #1 , 226 Old Chimney Rock Rd , Hendersonville , NC , 28792",35.3457861,-82.4322737,Mountain Express Car Wash,,0
"Mountain Express #2 , 821 Shepherd St , Hendersonville , NC , 28792",35.2989673,-82.4359153,Mountain Express Car Wash,,0
"Mr Clean Blairsville , 262 GA-515 , Blairsville , GA , 30512",34.8794923,-83.9556608,Mr. Clean Car Wash Blairsville,,0
"Mr Clean Canton , 220 Riverstone Pkwy , Canton , GA , 30114",34.2440227,-84.488294,Mr. Clean Car Wash,1.90360547095598,1
"Mr Clean Dahlonega , 45 Morrison Moore Pkwy W , Dahlonega , GA , 30533",34.5257347,-83.9789743,Mr. Clean Car Wash,,0
"Mr Clean DeBary , 215 N Charles Richard Beall Blvd , DeBary , FL , 32713",28.8994251,-81.3049194,Mr. Clean Car Wash,1.37842536417813,1
"Mr Clean Leesburg , 1396 W N Blvd , Leesburg , FL , 34748",28.8277769,-81.8866092,Mr. Clean Car Wash,,0
"Mr Clean Loganville , 4840 Atlanta Hwy , Loganville , GA , 30052",33.8331639,-83.8811731,Mr. Clean Car Wash Loganville,,0
"Mr Clean Orange Park , 890 Blanding Blvd , Orange Park , FL , 32065",30.1418889,-81.7681268,Mr. Clean Car Wash,4.43255322010417,1
"Mr Clean Oxford , 11822 US-301 , Oxford , FL , 34484",28.9285765,-82.0378868,Mr. Clean Car Wash,,0
"Mr Clean Sharpsburg , 18 Bailey Station Dr , Sharpsburg , GA , 30277",33.4081197,-84.6736447,Mr. Clean Car Wash,4.98721938538768,1
"Mr D Car Wash , 525 E Sumner St , Hartford , WI , 53027",43.3168236,-88.3718484,Mr D Car Wash,,0
"Mr. B's Car Wash - Sumiton , 878 Hwy 78 , Sumiton , AL , 35148",33.7450899,-87.0469626,Mr. B’s $5 Express Car Wash,,0
"My Wash , 3804 S Western , Marion , IN , 46953",40.523313,-85.6753078,MyWash Car Wash,,0
"NCGOL_N.Berkeley , 508 N Berkeley Blvd , Goldsboro , NC , 27534",35.3745497,-77.9443943,Zips Car Wash,0.488570703929778,1
"NCHOL_GrandHill , 301 Grand Hill Pl , Holly Springs , NC , 27540",35.6656692,-78.8438361,Zips Car Wash,0.563212410292519,1
"New Shackle Island , 271 New Shackle Island Rd , Hendersonville , TN , 37075",36.3184762,-86.6253516,Champion Car Wash,1.09974766715151,2
"North Deland , 104 E International Speedway Blvd , DeLand , FL , 32724",29.0539905,-81.3026516,Scrubbles Express Wash,,0
"North Port CW , 14164 Tamiami Trail , North Port , FL , 34287",27.043727,-82.2395995,North Port Car Wash,,0
"OCTOPUS CAR WASH , 1050 W Beta St , Green Valley , AZ , 85614",31.9024319,-110.9867705,Village Car Wash AZ,,0
"Ocala -Silver Springs , 4956 E Silver Springs Blvd , Ocala , FL , 34470",29.2100496,-82.0658882,Caliber Car Wash,,0
"Ocean Express , 9640 Federal Blvd , Federal Heights , CO , 80260",39.8715564,-105.0241903,Ocean Express Car Wash,3.08744121811353,3
"Ogeechee , 5909 Ogeechee Rd , Savannah , GA , 31419",31.997541,-81.2525169,LUV Car Wash,4.65540137070774,1
"Ollie Wash Henderson , 2700 US Hwy. 41 N , Henderson , KY , 42420",37.8755239,-87.5672191,Ollie Wash Henderson,,0
"Ollie Wash Owensboro , 3850 Frederica St , Owensboro , KY , 42301",37.7343692,-87.1206966,Ollie Wash,1.19381128002011,1
"Orange City , 1310 S Volusia Ave , Orange City , FL , 32763",28.9337218,-81.2984532,LUV Car Wash,1.26711324432208,1
"Ottumwa , 1941 Venture Dr , Ottumwa , IA , 52501",41.01523,-92.456148,Champion Xpress Carwash,,0
"Oxford , 1826 US-78 , Oxford , AL , 36203",33.5957609,-85.8750204,Oxford Super Wash,,0
"PASTIME AUTO WASH , 2610 OLIVE HIGHWAY , OROVILLE , CA , 95966",39.5053791,-121.5444403,Pastime Auto Wash Express,,0
"Palatka , 812 FL-19 , Palatka , FL , 32177",29.6401112,-81.6772984,Caliber Car Wash,,0
"Palm Coast , 6030 Old Kings Rd S , Palm Coast , FL , 32137",29.4772142,-81.1809069,LUV Car Wash,2.27913225142499,1
"Papa Bear Anderson 2 , 1500 Pearman Dairy Rd , Anderson , SC , 29625",34.53198,-82.6963294,Papa Bear Car Wash,1.52457377088355,1
"Papa Bear Easley , 5260 Calhoun Memorial Hwy , Easley , SC , 29640",34.8261114,-82.5618856,Papa Bear Car Wash,,0
"Paradise 2 , 4350 Austell Rd , Austell , GA , 30106",33.8474699,-84.6095148,Paradise Falls Car Wash Austell,0.483685261188397,1
"Pat's NU Star - Winter Haven , 619 Cypress Gardens Blvd , Winter Haven , FL , 33880",28.0044428,-81.7177581,Pat’s Nustar Car Wash,,0
"Peachy Clean , 1301 US-31 , Clanton , AL , 35045",32.8194376,-86.6104121,Peachy Clean Car Wash,,0
"Pelican Car Wash , 13020 US-1 , Sebastian , FL , 32958",27.8321463,-80.4806875,Pelican Express Car Wash,,0
"Peppy's Car Wash , 101 W University Pkwy , Jackson , TN , 38305",35.6963252,-88.8329326,Parrot's Car Wash,1.57521112305394,1
"Peppy's Car Wash Union City , 1315 Old Troy Rd , Union City , TN , 38261",36.4164336,-89.0730822,Parrot's Car Wash,,0
"Phenix City , 3709 US-431 , Phenix City , AL , 36867",32.497545,-85.0446581,Caliber Car Wash,4.97654900897355,1
"Pirates Cove Goldsboro , 110 Mollie Drive , Goldsboro , NC , 27534",35.339245,-77.919017,Pirates Cove Carwash - Goldsboro,3.04957621339104,1
"Plaistow Road Haverhill , 73 Plaistow Rd , Haverhill , MA , 1830",42.813419,-71.1021821,Haffner's Car Wash,1.8906566386361,1
"Plantation Island , 1430 Plantation Island Dr S , St. Augustine , FL , 32080",29.8652652,-81.2982865,GATE Express Car Wash,1.62252212956835,1
"Platinum Auto Spa , 2303 6th Ave SE , Aberdeen , SD , 57401",45.4599517,-98.4546109,Platinum Auto Spa,0.725484144034735,1
"Polished Peach Car Wash , 1490 Towne Lake Pkwy , Woodstock , GA , 30189",34.1057206,-84.5433192,N/A,,0
"Pooler , 420 Pooler Pkwy , Pooler , GA , 31322",32.1370935,-81.2545339,LUV Car Wash,,0
"Precision Xpress CarWash , 2106 S Main St , Lindale , TX , 75771",32.4883669,-95.3982816,Precision Express Car Wash,,0
"Prestige Car Wash , 10004 Brownsboro Rd , Louisville , KY , 40241",38.3143963,-85.5627054,Prestige Express Car Wash,1.23656067098398,1
"Pueblo , 2323 W Pueblo Blvd , Pueblo , CO , 81004",38.219339,-104.638418,Champion Xpress Carwash,,0
"Pure Car Wash , 330 Anna Dr , McComb , MS , 39648",31.242485,-90.4795296,Pure Car Wash,,0
"Quick Jet Car Wash , 1217 Dolly Parton Pkwy , Sevierville , TN , 37862",35.8632117,-83.5282174,Quick Jet Car Wash,3.14039946376151,1
"RACCOON EXPRESS CW , 495 Lafayette Rd , Seabrook , NH , 3874",42.889469,-70.872266,Raccoon Express $5 Car Wash,,0
"RAINDANCER OF GLENVILLE , 172 Freemans Bridge Rd , Schenectady , NY , 12302",42.8466008,-73.9416205,Raindancer Car Wash,1.50275268163889,1
"RED ROCKET CAR WASH #1 , 47 Golfview Dr NE , Arab , AL , 35016",34.3438549,-86.5015317,Bubbles Express Car Wash,,0
"RED ROCKET CAR WASH #2 , 2110 Redstone Rd SW , Huntsville , AL , 35803",34.6176307,-86.5687864,Bubbles Express Car Wash,4.16740698994233,1
"RIVERHEAD TOYOTA CAR WASH , 1655 County Rd 58 , Riverhead , NY , 11901",40.9240907,-72.6984365,"Absolute Detailing Concepts, Inc",1.17047789863179,1
"ROCK & ROLL CW , 8320 W Judge Perez Dr , Chalmette , LA , 70043",29.9531318,-89.9797697,Rock & Roll Car Wash,,0
"Radiant Apollo Beach , 6576 US Hwy 41 , Apollo Beach , FL , 33572",27.7731377,-82.3902847,Radiant Express Car Wash,,0
"Radiant Auburndale , 2049 US-92 , Auburndale , FL , 33823",28.0573484,-81.8121995,Radiant Express Car Wash,,0
"Radiant Land O' Lakes , 4230 Land O' Lakes Blvd , Land O' Lakes , FL , 34639",28.2424856,-82.4427769,N/A,,0
"Radiant Poinciana , 925 Cypress Pkwy , Kissimmee , FL , 34759",28.1481414,-81.4462145,Radiant Express Car Wash,,0
"Radiant Spring Hill , 7104 Mariner Blvd , Spring Hill , FL , 34609",28.5308742,-82.5110397,Radiant Express Car Wash,4.06783076551354,1
"Radiant Zephyrhills , 7575 Gall Blvd , Zephyrhills , FL , 33541",28.2677868,-82.1889848,Radiant Express Car Wash,,0
"Rio Rancho North , 507 NM-528 NE , Rio Rancho , NM , 87144",35.2668562,-106.6276302,Champion Xpress Carwash,1.6438460193917,1
"Riptide Dallas , 1001 Dallas Cherryville Hwy , Dallas , NC , 28034",35.3153389,-81.189865,The RipTide Car Wash,4.53978921751327,1
"Riptide Durham , 3639 Durham-Chapel Hill Blvd , Durham , NC , 27707",35.97045,-78.9507861,The RipTide Car Wash & Detail Center,0.544800766868628,2
"Riptide Gastonia , 3711 E Franklin Blvd , Gastonia , NC , 28056",35.2572225,-81.1140765,The RipTide Car Wash,1.48157401427039,1
"Riptide Neuse , 13150 Falls of Neuse Rd , Raleigh , NC , 27614",35.9412871,-78.5612498,The RipTide Car Wash,2.55904706828457,1
"Riptide Spring Lake , 1101 N Bragg Blvd , Spring Lake , NC , 28390",35.1804403,-78.9818916,The RipTide Car Wash,,0
"Riverside Ionia , 1370 S State Rd , Ionia , MI , 48846",42.9685416,-85.0698982,Riverside Auto Wash,,0
"Riverside Lowell , 1941 W Main St , Lowell , MI , 49331",42.931854,-85.3592788,Riverside Auto Wash,,0
"Road Runner Express #2 , 101 Market Center Way , Daleville , VA , 24083",37.4169786,-79.9111846,Road Runner Express,,0
"Road Runner Express , 7816 Timberlake Rd , Lynchburg , VA , 24502",37.351769,-79.2267214,Road Runner Express,1.99613349801356,2
"Roadrunner Express Mukwonago , 811 S Rochester St , Mukwonago , WI , 53149",42.8556672,-88.3274265,Roadrunner Express Car Wash & Oil Change,,0
"Roadrunner Express New Berlin , 5275 S Moorland Rd , New Berlin , WI , 53151",42.9485381,-88.1097854,Roadrunner Express Car Wash & Oil Change,0.707389017842229,3
"Rocket Wash Foothills , 3985 US-421 , Wilkesboro , NC , 28697",36.1493091,-81.2308643,Rocket Wash Express,,0
"Rocket Wash Mebane , 211 Fieldale Rd , Mebane , NC , 27302",36.0759804,-79.2749994,Rocket Wash Express,,0
"Rocket Wash Rome , 694 Braves Blvd NE , Rome , GA , 30161",34.2837964,-85.1672328,Rocket Wash,,0
"Rocket Wash Wilkesboro , 1846 US-421 , Wilkesboro , NC , 28697",36.1506819,-81.1992276,Rocket Wash Express,,0
"Rockmart , 1931 Nathan Dean Pkwy , Rockmart , GA , 30153",34.0092289,-85.0306115,Mach-1 Express Wash of Rockmart,,0
"Rocks Edge , 116 Carmel Dr , King , NC , 27021",36.2624481,-80.365563,Rocks Edge Express Wash,,0
"Rogue Carwash , 819 SE Mill St , Grants Pass , OR , 97526",42.4311527,-123.318906,Rogue Carwash,,0
"Rolling Thunder , 800 E Main St , Palmyra , PA , 17078",40.312316,-76.585092,Rolling Thunder Express Car Wash,,0
"Royal Pines , 3454 Royal Pines Dr , Middleburg , FL , 32068",30.1588835,-81.8357776,LUV Car Wash,2.8620642612104,1
"Royal Splash Car Wash , 21 Cape Rd , Mendon , MA , 1756",42.0997802,-71.5037789,N/A,,0
"Rub A Dub , 707 Taugenbaugh Blvd , Rifle , CO , 81650",39.5216905,-107.7771586,"Rub a Dub Car Wash - Rifle, CO",,0
"Russellville - E Main St , 2610 E Main St , Russellville , AR , 72802",35.2778085,-93.1033689,Splash Car Wash,,0
"SIMPLY CLEAN CW (VALLEY CW) , 64 Pershing Dr , Ansonia , CT , 6401",41.3346732,-73.0831786,7 days car wash,0.454493733938257,1
"SQUEAKY CLEAN CW 2 , 3931 Cerrillos Rd , Santa Fe , NM , 87507",35.6427019,-106.0134847,Squeaky Clean Car Wash,0.23466085746397,1
"STEESE , 720 Old Steese Hwy , Fairbanks , AK , 99701",64.8515089,-147.6945971,Splash & Dash East,,0
"SUPER SPRAY , 1581 S Muskogee Ave , Tahlequah , OK , 74464",35.8956029,-94.9762402,Super spray Car Wash II,,0
"SUPERIOR MERMAID CAR WASH , 1750 NORTH PARK DRIVE , KINGWOOD , TX , 77339",30.0680683,-95.2282134,Superior Mermaid Car Wash & Lube,4.14361599776388,2
"SUPERIOR TOMBALL CARWASH , 27840 Tomball Pkwy , Tomball , TX , 77375",30.0797196,-95.6287169,Superior Tomball Car Wash,1.047322758751,1
"Salt Lick , 297 Salt Lick Rd , St. Peters , MO , 63376",38.7990011,-90.6550622,Scrubbles Car Wash,2.67232882581923,2
"San Jose 2 , 9826 San Jose Blvd , Jacksonville , FL , 32257",30.1993973,-81.6204269,LUV Car Wash,0.959155229995656,2
"Santa Fe , 4410 Rodeo Rd , Santa Fe , NM , 87507",35.638209,-106.0127505,Champion Xpress Carwash,0.0893552157907849,1
"Saratoga Honda , 3402 US-9 , Saratoga Springs , NY , 12866",43.057525,-73.7870143,Saratoga Honda Car Wash,3.57464768360745,1
"Scarborough Car Wash , 1448 FM 66 , Waxahachie , TX , 75165",32.3740716,-96.8662375,Scarborough Car Wash,3.70604561490425,1
"Seaway Car Wash North , 142 Heineberg Drive , Colchester , VT , 5446",44.53489,-73.249658,Seaway Car Wash,,0
"Seaway Car Wash South #2 , 1341 Shelburne Rd , South Burlington , VT , 5403",44.4322445,-73.2115366,Seaway Carwash and Detail Center,2.72407645218739,1
"Seaway Car Wash South , 1341 Shelburne Rd , South Burlington , VT , 5403",44.4322445,-73.2115366,Seaway Carwash and Detail Center,2.72407645218739,1
"Senatobia , 328 E Main St , Senatobia , MS , 38668",34.6197427,-89.9562586,Century Express Carwash,,0
"Sherwood - E Kiehl Ave , 3610 E Kiehl Ave , Sherwood , AR , 72120",34.8316898,-92.1924256,Splash Car Wash,3.6544778237923,1
"Shortman Car Wash , 1001 N Main St , Miami , OK , 74354",36.8867079,-94.8779151,Let’s Go Car Wash,,0
"Silver City , 1870 US-180 , Silver City , NM , 88061",32.7861869,-108.2554652,Champion Xpress Carwash,,0
"Smitty's Car Wash Fredericksburg , 513 S Adams St , Fredericksburg , TX , 78624",30.2686406,-98.8775051,Smitty's Car Wash,,0
"Smitty's Car Wash Greenville , 6112 Wesley St , Greenville , TX , 75402",33.1078395,-96.1100705,Smitty's Car Wash,,0
"Smitty's Car Wash Kerrville , 301 Sidney Baker St , Kerrville , TX , 78028",30.0424562,-99.1448947,Smitty’s Car Wash,,0
"Smitty's Car Wash Lindale , 13776 US Hwy 69 N , Tyler , TX , 75706",32.4668192,-95.3857957,Smitty's Car Wash,,0
"Smitty's Car Wash Lufkin , 1808 S First St , Lufkin , TX , 75901",31.3147004,-94.7281932,Smitty's Car Wash,0.482104227264811,1
"Smitty's Car Wash Marshall , 1500 E End Blvd N , Marshall , TX , 75672",32.5568335,-94.3493365,Smitty's Car Wash,,0
"Smitty's Car Wash Princeton , 400 E Princeton Dr , Princeton , TX , 75407",33.1746057,-96.4854304,N/A,,0
"Snap Clean , 110 N Elm Street , Ennis , TX , 75119",32.3327117,-96.619208,Snap Clean Car Wash,,0
"Soak City Car Wash , 116 Jane St , Berea , KY , 40403",37.56632,-84.3109343,Soak City Car Wash,,0
"Soapy J's , 626 Norh 12 Street , Middlesboro , KY , 40965",36.6144347,-83.7027468,Soapy J's Express Car Wash,,0
"Soapy Nobles 219 S Westfield St Ag , 219 S Westfield St , Agawam , MA , 1030",42.0599321,-72.6756952,Soapy Noble,,0
"Soapy Nobles 76 N Rd East Windsor CT , 76 N Rd , East Windsor , CT , 6088",41.9319611,-72.5918196,Soapy Noble,4.26404016540062,2
"Soapy Sam's , 15046 IN-23 , Granger , IN , 46530",41.7324112,-86.15926,Soapy Sam's Car Wash,1.35486933069684,1
"Soggy Dog CW , 714 Ritter Dr , Glen Morgan , WV , 25813",37.7497066,-81.1410774,Soggy Dog Car Wash,,0
"Sonic Suds Simpsonville , 703 SE Main St , Simpsonville , SC , 29681",34.7219085,-82.252667,Sonic Suds Express Car Wash,1.18527528144065,1
"South Deland , 1810 S Woodland Blvd , DeLand , FL , 32720",28.9965731,-81.3032381,LUV Car Wash,,0
"Southaven , 1101 Church Rd W , Southaven , MS , 38671",34.9330158,-90.0089691,Century Express Carwash - Southaven,2.29403307526998,1
"Spectacular 1830 , 1830 E. Hwy 80 , Somerset , KY , 42503",37.1011409,-84.5898025,Spectacular Carwash,,0
"Spectacular 1990 , 1990 Oak Hill Road , Somerset , KY , 42503",37.0579482,-84.6462024,Spectacular Carwash,,0
"Spectacular 954 , 954 US-27 , Somerset , KY , 42501",36.9524362,-84.5786258,N/A,,0
"Speedy Pete's Car Wash , 1205 Maxwell Blvd , Ruston , LA , 71270",32.541285,-92.633638,Speedy Pete's Car Wash,,0
"Splash Brothers Wolfforth , 716 Donald Preston Dr , Wolfforth , TX , 79382",33.52042,-102.0038528,Splash Bros Xpress Car Wash,3.46919920726752,1
"Splash Hopper Express , 863 Western Bypass , Andalusia , AL , 36420",31.2980899,-86.499031,Splash Hopper Express Wash,,0
"Splash N Foam , 705 Fannin St , George West , TX , 78022",28.3306261,-98.1165219,Splash 'N' Foam Car Wash,,0
"Suds Bucket Wash , 615 landmark Point Blvd. Suite B , Gray , GA , 31032",32.9897907,-83.5691835,Suds Bucket Car Wash,,0
"Suds Deluxe Kyle , 18810 IH 35 , Kyle , TX , 78640",30.0342462,-97.847338,Suds Deluxe Car Wash,1.89298037762079,1
"Sudzy's Car Wash , 2624 Anderson Hwy , Powhatan , VA , 23139",37.5243866,-77.8264842,Flagstop Car Wash,,0
"Summerville , 10805 Commerce St , Summerville , GA , 30747",34.4900693,-85.3417458,LUV Car Wash,,0
"Sun Splash , 914 N Stratford Rd , Moses Lake , WA , 98837",47.1408544,-119.2794176,Sun Splash Car Wash,,0
"Sunny Daze Car Wash , 609 N Mayo Trl , Paintsville , KY , 41240",37.8254161,-82.8228864,SunnyDaze Car Wash,,0
"Super Duck Hazel Green , 14533 US-231 , Hazel Green , AL , 35750",34.9431964,-86.5724199,Super Duck Car Wash,,0
"THOMAS CAR WASH , 218 Blueberry Ln , Nicholasville , KY , 40356",37.891331,-84.56775,Thomas Car Wash,,0
"TLC Car Wash 2 , 1001 W Main St , Salem , VA , 24153",37.2907386,-80.0740891,"T.c. Squared, Inc.",,0
"TXGRA_Hwy377 , 3601 E US Hwy 377 , Granbury , TX , 76049",32.4530938,-97.7328629,Zips Car Wash,,0
"TXNEW_Walton , 23685 Walton Ave , New Caney , TX , 77357",30.1529637,-95.2186963,Zips Car Wash,1.6131435499222,1
"Taos , 1122 Paseo Del Pueblo Sur , Taos , NM , 87571",36.3816146,-105.5891681,Champion Xpress Carwash,,0
"The Auto Spa @ Main Street , 2002 W Main St , Durant , OK , 74701",33.9970998,-96.3999484,Main Street Auto Spa,,0
"The Auto Spa @ University , 3212 University Blvd , Durant , OK , 74701",34.0053117,-96.4094184,The Auto Spa- University Park,,0
"The Washery , 127 Airport Rd , Hazleton , PA , 18202",40.9914564,-75.986629,All Seasons Auto Wash,,0
"Thoroughbred Ashland , 621 12th St , Ashland , KY , 41101",38.4776961,-82.6469666,Thoroughbred Express Auto Wash,,0
"Thoroughbred Bardstown , 1332 E John Rowan Blvd , Bardstown , KY , 40004",37.825322,-85.4535733,Thoroughbred Express Auto Wash,,0
"Thoroughbred Bedford , 3160 John A Williams Blvd , Bedford , IN , 47421",38.86775,-86.512944,Thoroughbred Express Auto Wash,,0
"Thoroughbred Crosslanes , 211 New Goff Mountain Rd , Charleston , WV , 25313",38.4112508,-81.7966494,Thoroughbred Express Auto Wash,,0
"Thoroughbred Danville , 925 Hustonville Rd , Danville , KY , 40422",37.6289123,-84.7752492,Thoroughbred Express Auto Wash,,0
"Thoroughbred Glasgow , 707 W Main St , Glasgow , KY , 42141",36.9997286,-85.9211718,Thoroughbred Express Auto Wash,,0
"Thoroughbred Hurricane , 3111 Teays Valley Road , Hurricane , WV , 25526",38.4348488,-82.0135892,Thoroughbred Express Auto Wash,4.70419091421594,1
"Thoroughbred Lawrenceburg , 1026 Bypass N , Lawrenceburg , KY , 40342",38.036633,-84.9116039,Thoroughbred Express Auto Wash,,0
"Thoroughbred Maysville , 245 Wal-Mart Way , Maysville , KY , 41056",38.6235771,-83.7871551,Thoroughbred Express Auto Wash,,0
"Thoroughbred Russellville , 235 Sam Walton Dr , Russellville , KY , 42276",36.8440025,-86.9194453,Thoroughbred Express Auto Wash,,0
"Thoroughbred Seymour , 1550 E Tipton St , Seymour , IN , 47274",38.9578933,-85.8645389,Thoroughbred Express Auto Wash,,0
"Thoroughbred South Point , 45 Co Rd 120 , South Point , OH , 45680",38.4686596,-82.5510469,N/A,,0
"Thoroughbred Teays , 3972 Teays Valley Road , Hurricane , WV , 25526",38.4485111,-81.9427941,Thoroughbred Express Auto Wash,0.84322140861221,1
"Touch & Go CW , 847 Brookway Blvd , Brookhaven , MS , 39601",31.5783449,-90.4635139,Touch & Go Car Wash,,0
"Town Center Auto Wash , 6380 Sashabaw Rd , Clarkston , MI , 48346",42.7322891,-83.3787575,Planet Oil Change & Car Wash Centers of Clarkston,4.76314077479483,1
"Trident Express Carwash , 6530 GA-40 , St. Marys , GA , 31558",30.7766023,-81.6209952,Trident Express Carwash,,0
"TruShine #2 Abingdon , 25017 Western Loop , Abingdon , VA , 24211",36.7140617,-81.9306869,TruShine Car Wash II,,0
"TruShine #3 Johnson City(Boones Creek) , 3033 Boones Creek Rd , Johnson City , TN , 37615",36.3855997,-82.4165509,TruShine Car Wash III,3.81564773650931,1
"TruShine Bristol , 203 Linden Square Dr , Bristol , VA , 24202",36.6289697,-82.1294425,TruShine Car Wash,1.18721665168571,1
"Trushine #4 Kingsport , 2227 Fort Henry Dr , Kingsport , TN , 37664",36.5267711,-82.5206191,TruShine Car Wash IV,2.27194281465995,1
"Trushine #5 Sevierville , 116 Allensville Rd , Sevierville , TN , 37876",35.8772279,-83.5701602,TruShine Car Wash V,0.712424953721991,1
"Trushine #6 Blountville , 1912 TN-394 , Blountville , TN , 37617",36.5238753,-82.318723,TruShine Car Wash VI,,0
"Tsunami La Porte , 821 Pine Lake Ave , La Porte , IN , 46350",41.6282905,-86.7373076,Tsunami Express Car Wash – La Porte,,0
"Tsunami Oak Creek , 140 W Puetz Rd , Oak Creek , WI , 53154",42.8871274,-87.9138393,Tsunami Express Car Wash - Oak Creek,0.341368272018717,1
"Tsunami Portage , 3105 Willowcreek Rd , Portage , IN , 46368",41.562444,-87.182288,Tsunami Express Car Wash – Portage,,0
"Twins Merritt Island , 2240 N Courtenay Pkwy , Merritt Island , FL , 32953",28.39651,-80.704089,Twins Car Wash - Merritt Island,0.711117329393181,1
"ULTIMATE CAR WASH , 1431 Cradduck Rd , Ada , OK , 74820",34.7600894,-96.662661,Jetts Car Wash,,0
"UNIVERSITY , 201 University Ave , Fairbanks , AK , 99709",64.8379411,-147.8114342,Splash & Dash Car Wash Express WEST,,0
"US Car Wash , 845 N Adair St , Cornelius , OR , 97113",45.5203946,-123.061652,US Market Car Wash,,0
"Universe , 9640 Universe Blvd NW , Albuquerque , NM , 87114",35.191141,-106.7261412,Champion Xpress Carwash,3.49300807090657,1
"V EXPRESS CAR WASH , 479 Lexington Rd , Versailles , KY , 40383",38.051423,-84.7161646,V-Express Car Wash,,0
"Varsity Carwash  Duff , 1016 S Duff Ave , Ames , IA , 50010",42.0130274,-93.6099251,Varsity Carwash,0.406545268394276,2
"Varsity Carwash Lincoln , 3705 Lincoln Way , Ames , IA , 50014",42.0232629,-93.6692765,Varsity Carwash,3.18115975566545,2
"Velocity Car Wash , 1607 W Highway 40 , Vernal , UT , 84078",40.4439821,-109.5581948,Velocity Car Wash,,0
"Virginia Car Wash Co. , 4830 Portsmouth Blvd , Chesapeake , VA , 23321",36.8173419,-76.442266,Virginia Car Wash Co.,1.70976488455435,1
"Vortex Car Wash , 150 Jonathans Way , Suffolk , VA , 23434",36.7683141,-76.5833526,Vortex Express Car Wash,,0
"WASHPOINTE AUTO WASH , 1401 N Prince St , Clovis , NM , 88101",34.4124715,-103.1961625,Washpointe Auto Wash,,0
"WASHWORKS EXPRESS , 601 E King Ave , Kingsville , TX , 78363",27.5153746,-97.8615692,WashWorks Kingsville,,0
"WATER GAP CAR WASH , 31 Justice Dr , Hazard , KY , 41701",37.296668,-83.2145406,Watergap Car Wash,,0
"WOW Car Wash , 911 N Broad St , Monroe , GA , 30655",33.8119758,-83.727067,WOW Express Carwash,,0
"WOW Car Wash Winder , 242 N Broad St , Winder , GA , 30680",34.0008593,-83.710324,WOW Express Carwash,4.65801425108355,1
"Warrior Way , 540 Warrior Way , Grand Junction , CO , 81504",39.0836225,-108.4724937,Champion Xpress Carwash,,0
"Wash 37055 , 118 Henslee Dr , Dickson , TN , 37055",36.0741589,-87.3697417,Wash 37055,,0
"Wash 37062 , 2075 Fairview Blvd , Fairview , TN , 37062",35.9812455,-87.1222212,Wash 37062,,0
"Wash Ashore Plymouth , 2304 State Rd , Plymouth , MA , 2360",41.8177664,-70.5506402,Wash Ashore Car Wash,,0
"Wash City Semoran , 4575 S Semoran Blvd , Orlando , FL , 32822",28.4972739,-81.3091358,Wash City Car Wash Semoran,4.49262114497148,2
"Wash It Dean , 750 Cincinnati Ave , Xenia , OH , 45385",39.6758187,-83.940666,Wash It Dean,,0
"Wash N Roll Athens , 24925 US-72 , Athens , AL , 35613",34.7668122,-86.882772,"Wash N' Roll Car Wash - Athens, AL",,0
"Wash Rack 95 , 1100 N Whitley Dr , Fruitland , ID , 83619",44.0217094,-116.9227294,Wash Rack 95,,0
"Wash Rite Bridgeport , 910 W Main St , Bridgeport , WV , 26330",39.2821198,-80.2685024,Wash-Rite Unlimited Car Wash,2.03411981133351,1
"Wash Rite Marietta , 107 Crooked Run Ln , Marietta , OH , 45750",39.405323,-81.4130599,Wash-Rite Unlimited Car Wash,,0
"Wash Rite Moundsville , 75 Teletech Dr , Moundsville , WV , 26041",39.9096979,-80.749338,Wash-Rite Unlimited Car Wash,,0
"Wash Rite Murdoch , 2521 Murdoch Ave , Parkersburg , WV , 26101",39.2833465,-81.5481209,Wash-Rite Unlimited Express Wash,,0
"Wash Rite Parkersburg , 1101 Division Street , Parkersburg , WV , 26101",39.2475641,-81.5545078,Wash-Rite Unlimited Express Wash,,0
"Wash Rite Vienna , 2504 Grand Central Ave , Vienna , WV , 26105",39.3230459,-81.5506606,Wash-Rite Unlimited Express Wash,,0
"Wash Rite Wintersville , 151 Cadiz Rd , Wintersville , OH , 43953",40.3759682,-80.7058034,Wash-Rite Express Carwash,,0
"Wash Up Griffith , 1224 E Ridge Rd , Griffith , IN , 46319",41.5499525,-87.4137288,Luke,3.32902431197219,2
"Wash Up Hammond , 850 Indianapolis Blvd , Hammond , IN , 46320",41.6960611,-87.5199543,Luke Gas Station Car Wash,,0
"Wash Up Portage , 6259 Melton Rd , Portage , IN , 46368",41.598234,-87.173255,Luke,,0
"Wash Up Valparaiso , 460 Morthland Dr , Valparaiso , IN , 46383",41.4603284,-87.066715,Wash UP,1.90414434765546,2
"Wash Wizard Ladson , 3910 Ladson Rd , Ladson , SC , 29456",32.9735991,-80.1400726,Wash Wizard Car Wash Ladson Road,4.71834414058001,1
"Wash Wizard Summerville , 2146 N Main St , Summerville , SC , 29486",33.0469893,-80.1104749,Wash Wizard Car Wash - North Main,2.77061223241881,1
"Washbox Car Wash , 180 W Grand Ave , Rainbow City , AL , 35906",33.9570503,-86.0446243,Washbox Car Wash,,0
"Waters Deland , 1712 N Woodland Blvd , DeLand , FL , 32720",29.0626284,-81.3052357,Waters Car Wash,,0
"Waters Lakeland , 3635 Lakeland Highlands Rd , Lakeland , FL , 33803",27.998366,-81.9243682,Waters Car Wash,2.93185079456928,1
"Waterworks Express Car Wash , 1557 Marinette Ave , Marinette , WI , 54143",45.0896038,-87.6503233,Waterworks Car Wash,,0
"Weber W&L , 701 Old State Rte 3 , Columbia , IL , 62236",38.4384418,-90.2028235,Wash 'N Go Car Wash,,0
"West Little Rock - Chenal Pkwy , 15701 Chenal Pkwy , Little Rock , AR , 72211",34.7558249,-92.4441288,Splash Car Wash,1.66210669676758,1
"West Memphis , 646 W Service Rd , West Memphis , AR , 72301",35.1678659,-90.1980163,Century Express Carwash,,0
"Wet Rabbit Marysville , 1219 State Ave , Marysville , WA , 98270",48.0619435,-122.177485,Wet Rabbit Express Car Wash,,0
"WetnJet Car Wash , 516 Friendship Ln , Fredericksburg , TX , 78624",30.2563533,-98.8707888,Wet N Jet Fredericksburg,,0
"Whistle Express CW - Fredericksburg , 10813 Tidewater Trail , Fredericksburg , VA , 22408",38.254834,-77.4274131,Whistle Express Car Wash,4.51549066923223,1
"Whistle Express Car Wash - Alachua , 16093 NW 163rd Lane , Alachua , FL , 32615",29.8029356,-82.5181488,Whistle Express Car Wash,,0
"Whistle Express Car Wash - Baxley , 956 W Parker St , Baxley , GA , 31513",31.783646,-82.3637095,Whistle Express Car Wash,,0
"Whistle Express Car Wash - Beaufort , 285 Sea Island Pkwy , Beaufort , SC , 29907",32.405966,-80.633475,Whistle Express Car Wash,,0
"Whistle Express Car Wash - Blue Ridge , 32 McKinney Rd , Blue Ridge , GA , 30513",34.8808661,-84.2944237,Whistle Express Car Wash,,0
"Whistle Express Car Wash - Charleston , 4865 Tanger Outlet Blvd , North Charleston , SC , 29418",32.8714992,-80.0153296,Whistle Express Car Wash,4.57696457842306,1
"Whistle Express Car Wash - Fairlawn , 7426 Lee Hwy , Radford , VA , 24141",37.1433324,-80.5818851,Whistle Express Car Wash,,0
"Whistle Express Car Wash - Forest , 14669 Forest Road , Forest , VA , 24551",37.3676292,-79.2988227,Whistle Express Car Wash,,0
"Whistle Express Car Wash - Harriman , 1821 Roane State Hwy , Harriman , TN , 37748",35.8910308,-84.546574,Whistle Express Car Wash,,0
"Whistle Express Car Wash - Hazelhurst , 184 E Jarman St , Hazlehurst , GA , 31539",31.8657271,-82.5889875,N/A,,0
"Whistle Express Car Wash - Jasper , 705 Noah Dr , Jasper , GA , 30143",34.4688379,-84.4590794,Whistle Express Car Wash,,0
"Whistle Express Car Wash - Leland , 2040 Olde Regent Way , Leland , NC , 28451",34.2193962,-78.0165048,Whistle Express Car Wash,,0
"Whistle Express Car Wash - Live Oak , 1114 Ohio Ave N , Live Oak , FL , 32064",30.3067062,-82.9778241,Whistle Express Car Wash,,0
"Whistle Express Car Wash - Louisburg , 602 S Bickett Blvd , Louisburg , NC , 27549",36.084169,-78.310355,Whistle Express Car Wash,,0
"Whistle Express Car Wash - Macedonia , 309 Highland Rd , Macedonia , OH , 44056",41.300026,-81.514408,Whistle Express Car Wash,1.04605823640575,1
"Whistle Express Car Wash - Mayport , 1500 Mayport Rd , Atlantic Beach , FL , 32233",30.3357223,-81.415354,Whistle Express Car Wash,4.28150599181313,1
"Whistle Express Car Wash - Melbourne , 4860 N Wickham Rd , Melbourne , FL , 32940",28.1879225,-80.6727404,Whistle Express Car Wash,3.9783912122475,1
"Whistle Express Car Wash - Mount Airy , 139 Kodiak Ln , Mount Airy , NC , 27030",36.4877738,-80.6157567,Whistle Express Car Wash,,0
"Whistle Express Car Wash - Murphy , 251 King St , Murphy , NC , 28906",35.0798938,-84.033852,Whistle Express Car Wash,,0
"Whistle Express Car Wash - Orange Park , 950 Park Ave , Orange Park , FL , 32073",30.178049,-81.7020568,Whistle Express Car Wash,3.98919848380115,2
"Whistle Express Car Wash - Pole Green , 7423 Pole Green Rd , Mechanicsville , VA , 23116",37.6305119,-77.3632838,Whistle Express Car Wash,2.23514528749319,1
"Whistle Express Car Wash - Pooler , 2001 Pooler Pkwy , Pooler , GA , 31322",32.0816962,-81.2801965,Whistle Express Car Wash,,0
"Whistle Express Car Wash - Racers Edge , 351 Commonwealth Blvd , Martinsville , VA , 24112",36.6968363,-79.8870267,Whistle Express Car Wash,,0
"Whistle Express Car Wash - Roxboro , 421 N Madison Blvd , Roxboro , NC , 27573",36.3995425,-78.9823863,Whistle Express Car Wash,,0
"Whistle Express Car Wash - SouthPort , 5014 Southport Crossing Wy , Southport , NC , 28461",33.9540971,-78.0503435,Whistle Express Car Wash,,0
"Whistle Express Car Wash - Washington , 427 Bridge St , Washington , NC , 27889",35.5488005,-77.057573,Whistle Express Car Wash,,0
"Whistle Express Car Wash - Westover , 105 S Westover Blvd , Albany , GA , 31707",31.5843172,-84.2206133,Whistle Express Car Wash,2.60042087816648,1
"Whistle Express Car Wash -Boll Weevil , 654 Boll Weevil Cir , Enterprise , AL , 36330",31.3218393,-85.8302736,Whistle Express Car Wash,,0
"Whistle Express Car Wash Crawfordville , 2135 Crawfordville Hwy , Crawfordville , FL , 32327",30.2136553,-84.3632953,Whistle Express Car Wash,,0
"Whistle Express Car WashChristiansburg , 945 N Franklin St , Christiansburg , VA , 24073",37.141632,-80.4147648,Whistle Express Car Wash,1.12599532722309,1
"Whistle Express Car WashHendersonville , 579 New Shackle Island Rd , Hendersonville , TN , 37075",36.3377933,-86.6163971,Whistle Express Car Wash,0.542324801798745,2
"Whistle Express Car WashNorth Valdosta , 4139 N Valdosta Rd , Valdosta , GA , 31602",30.8968771,-83.3289852,Whistle Express Car Wash,3.76339920774805,1
"Whistle Express Car WashPort Wentworth , 38 Magellan Blvd , Port Wentworth , GA , 31407",32.1956562,-81.1974481,Port Wentworth carwash,,0
"White Water CW , 7600 Crater Lake Hwy , White City , OR , 97503",42.4267962,-122.8487759,Lil' Pantry White City,,0
"Wicked Wash , 160 E 1st S , Rigby , ID , 83442",43.6698154,-111.9134033,Tagg-N-Go Car Wash,,0
"Willy's Wash , 2605 N 14th St , Ponca City , OK , 74601",36.7364497,-97.0666901,Willy's Wash,,0
"Wolfrum , 1010 Wolfrum Rd , Weldon Spring , MO , 63304",38.7287947,-90.6444119,Scrubbles Car Wash,0.800119272015512,2
"Woodie's Ballantrae , 17322 FL-54 , Lutz , FL , 33558",28.193589,-82.527278,Woodie's Wash Shack - Ballantrae,3.78428821160484,1
"Woodie's Gibsonton , 9350 Theater Dr , Gibsonton , FL , 33534",27.849035,-82.3507939,Woodie's Wash Shack - Gibsonton,3.40543165265419,1
"Woodie's Lutz , 24749 FL-54 , Lutz , FL , 33559",28.1864462,-82.4066793,Woodie's Wash Shack - Cypress Creek,3.2266195050136,2
"Woodie's Sun City , 4927 FL-674 , Wimauma , FL , 33598",27.7119642,-82.3332559,Woodie's Wash Shack - Sun City,,0
"ZAK's Car Wash , 2500 S Business 49 , Neosho , MO , 64850",36.8428883,-94.3926174,Zak's Express Car Wash,,0
"Bridgeville , 3101 Washington Pike , Bridgeville , PA , 15017",40.3493811,-80.1116229,ModWash,2.9059244589332,1
"COUGAR RIDGE , 10215 China Spring Rd , Waco , TX , 76708",31.6285436,-97.2443216,Cougar Ridge Car Wash,,0
"Erie , 4234 Buffalo Rd , Erie , PA , 16510",42.1452943,-80.005931,ModWash,,0
"Evolution Car Wash , 1665 NV-88 , Minden , NV , 89423",38.9587747,-119.7777729,Evolution Car Wash,,0
"Fast and Friendly Maricopa II , 42020 W Maricopa-Casa Grande Hwy , Maricopa , AZ , 85138",33.0394599,-112.0187546,Fast & Friendly Express Car Wash,,0
"FoamWorks Fayetteville , 1512 GA-85 , Fayetteville , GA , 30214",33.4872303,-84.4341295,FoamWorks Auto Spa of Fayetteville,0.456557536391265,1
"GO Car Wash- 412 Rock Port , 2200 Rock Port Dr , Harrisonburg , VA , 22801",38.4050476,-78.8677602,GO Car Wash,1.95258435836218,1
"GO Car Wash- 413 Market , 2335 E Market St , Harrisonburg , VA , 22801",38.4210548,-78.8382949,GO Car Wash,0.458722423864645,1
"Gaffney , 1521 W Floyd Baker Blvd , Gaffney , SC , 29341",35.0895526,-81.6636002,ModWash,,0
"Hydro Express Wash , 3088 Hennepin Dr , Joliet , IL , 60431",41.5726477,-88.1574489,Hydro Express Car Wash and Detail Center,0.370251056074968,2
"Lakes Edge , 7916 Bradley Long Dr. , Lake Norman of Catawba , NC , 28682",35.5832605,-80.9887544,Lakes Edge Express Wash,,0
"Let's Go Bixby , 15025 S Memorial Dr , Bixby , OK , 74008",35.9453430605934,-95.8863834618877,Okie Express Auto Wash,,0
"Magic Barboursville , 6442 US-60 , Barboursville , WV , 25504",38.4156073,-82.2972267,Take 5 Car Wash,0.741253118332364,1
"Magic Belle , 1601 S Main St , Bellefontaine , OH , 43311",40.3369448,-83.7614212,Take 5 Car Wash,,0
"Magic Circleville , 1475 S Court St , Circleville , OH , 43113",39.5811987,-82.9522844,Take 5 Car Wash,,0
"Magic Defiance , 8715 OH-66 , Defiance , OH , 43512",41.316082,-84.360527,Take 5 Car Wash,,0
"Magic Gallipolis , 2183 Eastern Ave , Gallipolis , OH , 45631",38.8246133,-82.1703409,Take 5 Car Wash,,0
"Magic LaGrange , 1100 Lafayette Pkwy , LaGrange , GA , 30241",33.0400117,-85.0065807,Take 5 Car Wash,,0
"Magic Piqua , 1292 E Ash St , Piqua , OH , 45356",40.1510683,-84.2092494,Take 5 Car Wash,,0
"Magic Portsmouth , 2311 Gallia St , Portsmouth , OH , 45662",38.7398579,-82.9706182,Take 5 Car Wash,,0
"Magic Sidney , 2680 W Michigan St , Sidney , OH , 45365",40.2881962,-84.1987428,Take 5 Car Wash,,0
"Magic Tiffin , 2161 W Market St , Tiffin , OH , 44883",41.1107066,-83.2121582,Take 5 Car Wash,,0
"Magic Troy , 10 Kings Chapel Dr N , Troy , OH , 45373",40.0606203,-84.2497243,Take 5 Car Wash,,0
"Magic Van Wert , 7965 US-127 , Van Wert , OH , 45891",40.8877671,-84.5820105,Take 5 Car Wash,,0
"Magic Waverly , 865 W Emmitt Ave , Waverly , OH , 45690",39.1137223,-82.9961453,Take 5 Car Wash,,0
"Magic Wilmington , 63 Holiday Dr , Wilmington , OH , 45177",39.4509774,-83.7972179,Car Wash,,0
"McFarland , 3205 Hunter Creek Rd , Northport , AL , 35473",33.2380959,-87.5641905,Take 5 Car Wash,4.13649204827713,1
"Mountain Edge , 200 East Commonwealth Dr , Wytheville , VA , 24382",36.9600105,-81.0960388,Mountain Edge Express Wash,,0
"NMALA_S.WhiteSands , 905 S White Sands Blvd , Alamogordo , NM , 88310",32.8807774,-105.9597223,Zips Car Wash,,0
"OLD SUDS STOP DO NOT USE , 123 1st St , Keyport , NJ , 7735",40.4390443,-74.1975317,Agapitos Detailing,3.65154558293441,1
"Paradise Bay Express II , 5909 Ogeechee Rd , Savannah , GA , 31419",31.997541,-81.2525169,LUV Car Wash,4.65540137070774,1
"Quick and Clean Car Wash Niceville , 4567 E Hwy 20 , Niceville , FL , 32578",30.483296,-86.4162179,Take 5 Car Wash,,0
"Quick and Clean DeFuniak Springs , 822 US-331 , DeFuniak Springs , FL , 32435",30.710288,-86.124813,Take 5 Car Wash,,0
"Quick and Clean John Sims , 1215 E John Sims Pkwy , Niceville , FL , 32578",30.5148286,-86.4631661,Take 5 Car Wash,,0
"RHYNO CAR WASH , 710 W Main St , Cabot , AR , 72023",34.9763301,-92.0219985,Rhyno Car Wash,,0
"Rock Island Express , 1665 Denmark Rd , Union , MO , 63084",38.4320447,-90.9671716,Brite WorX,,0
"Route 3 Car Wash , 5100 Plank Rd , Fredericksburg , VA , 22407",38.2893657,-77.5505562,GO Car Wash,2.20146671549666,2
"S. Broadway Salem , 440 S Broadway , Salem , NH , 3079",42.747211,-71.2035245,Haffner's Car Wash,1.36456410545552,2
"SANDUSKY CLEAN SCENE , 4307 Milan Rd , Sandusky , OH , 44870",41.416414,-82.673379,Sandusky Clean Scene,0.314354127328633,1
"SHINE LINE EXPRESS , 6009 Washington Ave , Ocean Springs , MS , 39564",30.4311841,-88.8303482,Rainforest Carwash of St. Martin,4.44456769448886,1
"Take 5 Car Wash #113 , 16100 SR 54 , Odessa , FL , 33556",28.1894407,-82.6174862,Take 5 Car Wash,2.93055139371376,1
"Take 5 Car Wash #662 , 1545 Pooler Pkwy , Pooler , GA , 31322",32.0932353,-81.2735417,Take 5 Car Wash,,0
"Take 5 Car Wash #686 , 10405 County Line Rd , Spring Hill , FL , 34609",28.4342321,-82.545379,Take 5 Car Wash,,0
"Take 5 Muskogee , 2037 N 11th St W , Muskogee , OK , 74401",35.7708668,-95.3764143,Take 5 Car Wash,,0
"University Park Auto SPA , 3005 W University Blvd , Durant , OK , 74701",34.0046555,-96.4070096,The Auto Spa- University Park,,0
"Valley CW #1 , 126 Cole Ln , Winchester , VA , 22602",39.1862133,-78.1262533,GO Car Wash,2.52984801905189,2
"WET RHINO TRUCK WASH , 5120 N Granite Ln , Sioux Falls , SD , 57107",43.6043609,-96.7660451,N/A,,0
"Washington , 1410 Washington Rd , Washington , PA , 15301",40.2123212,-80.194829,ModWash,2.40300918075159,1
"Winston-Salem , 5235 Beauchamp Ln , Winston-Salem , NC , 27104",36.093828,-80.3689625,ModWash,3.20463553492019,1
