original_name_address,original_latitude,original_longitude,found_car_wash_name,satellite_image_name,feets_per_pixel,tunnel_length_pixels,tunnel_length_feets,
"*** StoneWash *** Car Care Center , 818 Paris Rd , Mayfield , KY , 42066",36.7325312,-88.6330322,STONEWASH CAR CARE CENTER,ChIJL0irlyoweogRLKfGl0zH7y4.jpg,0.392543543236509,not found,#VALUE!,
"A-KEY CAR WASH , 2210 N Prince St , Clovis , NM , 88101",34.4211501,-103.1969689,A-Key Car Wash,ChIJX4-ByxLeAocRqqSEko_0Xus.jpg,0.404038511956379,213,86.0602030467087,
"ALL STAR CAR WASH , 5835 N Market St , Shreveport , LA , 71107",32.6003451,-93.841208,N/A,N/A,N/A,N/A,#VALUE!,
"Abercorn , 10509 Abercorn St , Savannah , GA , 31419",31.9858522,-81.1330952,LUV Car Wash,ChIJ48IlQu50-4gR4sjHfYKH3SU.jpg,0.4154392200992,400,166.17568803968,
"Alabaster Wash and Wax , 916 1st St S , Alabaster , AL , 35007",33.2331449,-86.8116296,Alabaster Car Wash,ChIJhwoEOwYliYgRd83W7lLbmwE.jpg,0.409692041626387,253,103.652086531476,
"Alameda , 395 Alameda Blvd NW , Albuquerque , NM , 87114",35.1891491,-106.6161158,Champion Xpress Carwash,ChIJCZMIzHF1IocR3M1SepRd8Ow.jpg,0.400291059636212,454,181.73214107484,
"Alamosa , 51 Craft Dr , Alamosa , CO , 81101",37.4765837,-105.8945442,Champion Xpress Carwash,ChIJSQrbdgB7FocRwFw1j5ueZBg.jpg,0.388706656464624,341,132.548969854437,
"All American Big Spring , 513 W Marcy Dr , Big Spring , TX , 79720",32.2284801,-101.4727633,All American Car Wash,ChIJk3rlXkgj-YYR1QTl2IXLd6Q.jpg,0.414335927666255,450,186.451167449815,
"All American Boerne , 1376 S Main St , Boerne , TX , 78006",29.7768476,-98.726846,All American Car Wash,ChIJ0UwN4OxxXIYR3XNiUXD6Uvc.jpg,0.425129947493579,349,148.370351675259,
"All American Car Wash , 917 N 7th St , Vincennes , IN , 47591",38.6808632,-87.5201897,All American Car Wash and Express Lube,ChIJ1fxWOW3_bYgR5zQsbvQZ16g.jpg,0.382357168966686,not found,#VALUE!,
"All Washed Up Canonsburg , 405 Old Pike St , Canonsburg , PA , 15317",40.2614149,-80.1747502,All Washed Up Auto Spa,ChIJf15zE1hVNIgR8mh_aR7pIIg.jpg,0.373768295648904,249,93.0683056165771,
"All Washed Up Dubois , 306 Liberty Blvd , DuBois , PA , 15801",41.1205763,-78.758636,All Washed Up Auto Spa,ChIJsUiGqfrzzIkRlEx4ajv72so.jpg,0.368979885051776,not found,#VALUE!,
"All Washed Up Harmar , 2404 Freeport Rd , Pittsburgh , PA , 15238",40.5336038,-79.8458897,All Washed Up Auto Spa,ChIJpRpFqeKTNIgR5PJTuoc9bRU.jpg,0.372260302294312,177,65.8900735060932,
"All Washed Up Johnstown , 1119 Scalp Ave , Johnstown , PA , 15904",40.281186,-78.8627293,All Washed Up Auto Spa,ChIJE-31X6URy4kReDc5QyV1K_U.jpg,0.373659042594364,not found,#VALUE!,
"All Washed Up Munhall , 630 William Marks Dr , Homestead , PA , 15120",40.4096318,-79.8993024,All Washed Up Auto Spa,ChIJvRbg2TjuNIgRavR0ZpcAtTc.jpg,0.372948181491595,240,89.5075635579828,
"All Washed Up Uniontown , 15 New Salem Rd , Uniontown , PA , 15401",39.9105773,-79.7474519,All Washed Up Auto Spa,ChIJ9YTaCEoTNYgR6s2cVBg43NU.jpg,0.375699573904922,not found,#VALUE!,
"Amaranth , 200 W Amaranth Ln , Lincoln , NE , 68523",40.7445062,-96.7255223,Soapatopia Car Wash,ChIJvybCvMGVlocRGOc9lmmWm3w.jpg,0.37108802333068,325,120.603607582471,
"American Pride Smithfield , 1203 N Brightleaf Blvd , Smithfield , NC , 27577",35.5195152,-78.3146416,American Pride Xpress Car Wash,ChIJxeYIDaByrIkR12bCMByr8es.jpg,0.398656975371292,329,131.158144897155,
"Aqua Breeze Car Wash , 150 E Felton Rd , Cartersville , GA , 30120",34.1971313,-84.7921299,Aqua Breeze Car Wash,ChIJHQAolGhP9YgRwzHsGhcORkY.jpg,0.405117945697205,280,113.433024795217,
"Auto Suds Express West , 25th North 25th St. , Lebanon , PA , 17042",40.3402231,-76.4568065,AutoSuds West Car Wash,ChIJa-JD_oypyIkRRnJAe1YL_Yw.jpg,0.373332544947668,315,117.599751658515,
"AutoBrite Express , 211 N Cooper Dr , Henderson , NC , 27536",36.3328772,-78.4411117,"AutoBrite Car Washes, Inc.",ChIJE67lK5a8rYkR33BsDTIKhT0.jpg,0.394577313729241,326,128.632204275733,
"Autosoak , 18711 S Gardner Rd , Gardner , KS , 66030",38.7887778,-94.9270292,Autosoak Car Wash,ChIJywgEO3WlwIcR3To9ec5y6tE.jpg,0.381779931872044,355,135.531875814576,
"Autosport Car Wash , 6628 Whittlesey Blvd , Columbus , GA , 31909",32.549643,-84.9331716,Autosport Wash,ChIJ89GgGkk184gRBLKXHCnd9Hs.jpg,0.412863583053112,295,121.794757000668,
"Avatar , 1623 S Poinciana Blvd , Kissimmee , FL , 34758",28.257958,-81.485298,Waters Car Wash,ChIJR084bQCD3YgRDphNXe2tRWg.jpg,0.43142675298794,310,133.742293426261,
"Aztec , 1520 Aztec Blvd , Aztec , NM , 87410",36.8263159,-108.0119144,Champion Xpress Carwash,ChIJyfiyjHJ3PIcR7HXiZJwdeiI.jpg,0.392063733252042,259,101.544506912279,
"B3 Car Wash , 611 Tenaha St , Center , TX , 75935",31.8038311,-94.1867481,Express Car Wash,ChIJe-XxA9FvN4YRVncCMexJSbk.jpg,0.41626036422793,not found,#VALUE!,
"BDP's Kwapa Car Wash , 3200 W Casino Dr , Somerton , AZ , 85350",32.6101385,-114.6549997,B.D.P 's Kwapa Kar Wash,ChIJnXXc47dZ1oARlE9Sl33aKKA.jpg,0.412586580710347,359,148.118582475015,
"BIG STEVES CAR WASH , 561 North Main St , Leominster , MA , 1453",42.55114,-71.7638088,Big Steve's $5 Car Wash,ChIJJcWCjAHm44kRtWw-WNb5ySQ.jpg,0.360823029694612,not found,#VALUE!,
"Bella Stone Car Wash , 2413 Palermo Parkway , Temple , TX , 76502",31.0378299,-97.3912928,Bella Stone Car Wash,ChIJJ3Hqr_sVRYYR07aGKv3YjO0.jpg,0.41967399258251,357,149.823615351956,
"Berwick , 5702 Ogeechee rd , Savannah , GA , 31322",32.0285169,-81.2226747,LUV Car Wash,ChIJCwAfDUIK-4gRLHurvHH78FU.jpg,0.415244709820462,307,127.480125914882,
"Big Dan's Crystal River , 517 NE 5th St , Crystal River , FL , 34429",28.8986604,-82.5859672,Big Dan's Car Wash,ChIJUVDknB5B6IgRBh3RusqdyOk.jpg,0.428808127706123,305,130.786478950368,
"Big Dan's Fairburn , 7925 Senoia Rd , Fairburn , GA , 30213",33.5396761,-84.5776059,Big Dan's Car Wash,ChIJm-XndyTn9IgRWQPtKl6-B6U.jpg,0.408250170598175,316,129.007053909023,
"Big Dan's Hiram , 2850 Jimmy Lee Smith Pkwy , Hiram , GA , 30141",33.9019157,-84.77816,Big Dan's Car Wash,ChIJBczTjBsx9YgR_PAHlPV57Zw.jpg,0.406531884140727,331,134.562053650581,
"Big Dan's Lady Lake , 135 US-441 , Lady Lake , FL , 32159",28.9187793,-81.9229062,Big Dan's Car Wash,ChIJA3hrIhvH54gR1rztl0HFXKI.jpg,0.428724978111509,286,122.615343739892,
"Big Dan's Toccoa , 2421 GA 17Alt , Toccoa , GA , 30577",34.5655692,-83.29788,Big Dan's Car Wash,ChIJzfiTE-i9WIgRcU_72EE3ovc.jpg,0.403339408403306,not found,#VALUE!,
"Big Dan's Woodstock , 289 Ridgewalk Pkwy , Woodstock , GA , 30188",34.1195579,-84.5192049,Big Dan's Car Wash,ChIJ5UPmfXRv9YgR3jE-YsYPfUw.jpg,0.405488892315294,307,124.485089940795,
"Big Dan's Woodstock 2 , 300 Gold Creek Trail , Woodstock , GA , 30188",34.086258,-84.466738,Big Dan's Car Wash,ChIJ6aXY4tFt9YgR4OnKeujOTV0.jpg,0.405648724435077,285,115.609886463997,
"Big Kahuna CW , 61 Commodore St , Hazard , KY , 41701",37.299364,-83.2012171,Big Kahuna Car Wash,ChIJ6fSybA7JRIgRG6nHdlDPN0w.jpg,0.389626298624157,304,118.446394781744,
"Big Peach Forsyth , 126 N Lee St , Forsyth , GA , 31029",33.0404585,-83.9400952,Big Peach Car Wash - Forsyth,ChIJBWLZ-KBz9IgR6ERsUPLI6q4.jpg,0.410592468519517,362,148.634473604065,
"Big Peach Jackson , 583 E 3rd St , Jackson , GA , 30233",33.2947224,-83.9602247,Big Peach Car Wash,ChIJGU7zMslB9IgRyU_Gsrn9CWw.jpg,0.409403311424533,298,122.002186804511,
"Big Peach Ola , 3479 Hwy 81 , McDonough , GA , 30252",33.4366472,-84.0385491,Big Peach Car Wash,ChIJ5TKDw3FF9IgR3aluKQFd5V8.jpg,0.408736041064641,350,143.057614372624,
"Big River Selma , 2409 N Broad St , Selma , AL , 36701",32.4325392,-87.0249312,Big River Car Wash,ChIJmYizWMoFj4gRf2LT5z_FFmE.jpg,0.413402801472039,not found,#VALUE!,
"Big River Troy , 1221 US-231 , Troy , AL , 36081",31.7801113,-85.949913,Big River Car Wash,ChIJ_f0OJp3tjYgR9jBuVasy7Xw.jpg,0.416367108886749,not found,#VALUE!,
"Blanding , 580 Blanding Blvd , Orange Park , FL , 32073",30.1522001,-81.7514299,LUV Car Wash,ChIJs6cp_73F5YgRfbE8-5Rw3pA.jpg,0.423527224440476,not found,#VALUE!,
"Blu Wave Express Wash , 306 E Franklin St , Sylvester , GA , 31791",31.5301708,-83.8334232,Blu Waye Express Wash,ChIJEfbbhxoJ8ogRJLt847YUDZI.jpg,0.41748843207514,356,148.62588181875,
"Blu's Flex Serve Car Wash , 420 S Main St , Lumberton , TX , 77657",30.2490469,-94.1977178,Blu's Car Wash,ChIJtTL77nAxOYYRmOiC9aGMzoI.jpg,0.423110493628639,381,161.205098072511,
"Blue Penguin Griffin , 1475 N Expy , Griffin , GA , 30223",33.2738091,-84.2918572,Blue Penguin Car Wash,ChIJdUxT9fSL9IgRd08AS0-CtWo.jpg,0.409501424659615,348,142.506495781546,
"Blue Rhino Car Wash , 3614 Cobb Pkwy NW , Acworth , GA , 30101",34.0440574,-84.6949093,Blue Rhino Carwash & Emmissions,ChIJ09AyR2RH9YgRokaKm3REGUI.jpg,0.405851971023215,300,121.755591306965,
"BlueWave Alvin , 2002 E HWY 6 , Alvin , TX , 77511",29.4218032,-95.2267778,BlueWave Express Car Wash,ChIJwQ4V-tmPQIYRE0U8iTuf0OM.jpg,0.426629097398466,293,125.002325537751,
"BlueWave Bibb , 645 South Bibb Ave , Eagle Pass , TX , 78852",28.6989033,-100.484934,BlueWave Express Car Wash,ChIJNZ3r1LKNX4YRuplFwiWmcRM.jpg,0.429630865480712,190,81.6298644413353,
"BlueWave Cibolo , 174 W Borgfeld Rd , Cibolo , TX , 78108",29.5725582,-98.2389545,BlueWave Express Car Wash,ChIJJQu0GreTXIYRU8H-BT4AZ_U.jpg,0.425994542936748,190,80.9389631579821,
"BlueWave Conroe , 10345 Highway 242 , Conroe , TX , 77385",30.2091694,-95.4239756,BlueWave Express Car Wash,ChIJdRuM1843R4YR7W-CSUstqc8.jpg,0.423282464032008,240,101.587791367682,
"BlueWave Del Rio , 2201 Veterans Blvd , Del Rio , TX , 78840",29.3891844,-100.9047145,BlueWave Express Car Wash,ChIJw0RroPHr9YYRh2LPtYrUT3M.jpg,0.426766007178858,186,79.3784773352676,
"BlueWave Humble , 9719 N Sam Houston Pkwy E , Humble , TX , 77396",29.9355463,-95.2435561,BlueWave Express Car Wash,ChIJT24VnMOxQIYR9ULjCkYfdIY.jpg,0.424454570830889,190,80.6463684578689,
"BlueWave League City , 1740 W FM646 , League City , TX , 77573",29.4669391,-95.0874048,BlueWave Express Car Wash,ChIJOzRZm_KCQIYRrgqHMidNn70.jpg,0.426439421982333,230,98.0810670559366,
"BlueWave Livingston , 1829 US Highway 190 W , Livingston , TX , 77351",30.7176553,-94.9618149,BlueWave Express Car Wash,ChIJtdbskKKHOIYRyWYq_YGiEqg.jpg,0.421078667679742,241,101.479958910818,
"BlueWave Lumberton , 710 S Main St , Lumberton , TX , 77657",30.2423772,-94.196705,BlueWave Express Car Wash,ChIJRbI7GgsxOYYRxxnRmZJiiBk.jpg,0.423139555866914,186,78.703957391246,
"BlueWave Montgomery , 20210 Eva St Montgomery , Montgomery , TX , 77356",30.3886464,-95.6805365,BlueWave Express Car Wash,ChIJ5S2wEHIhR4YROKAr5YgrV_I.jpg,0.42250840218952,188,79.4315796116298,
"BlueWave Penitas , 1807 Expressway 83 , Penitas , TX , 78576",26.2440893,-98.4418103,BlueWave Express Car Wash,ChIJn3nXUvyrZYYR9yJSUnWloTw.jpg,0.439310800349195,287,126.082199700219,
"BlueWave Rio Grande , 4343 US-83 , Rio Grande City , TX , 78582",26.3442811,-98.7440723,Bambam's Car Wash,ChIJuylAZatEZIYRjV4yGJC55BY.jpg,0.438936124132612,not found,#VALUE!,
"Bryant - N Reynolds Rd , 2116 N Reynolds Rd , Bryant , AR , 72022",34.6140151,-92.4977299,Splash Car Wash,ChIJYfpQMp1XzYcRXdKFSqm2pTA.jpg,0.403104490915581,330,133.024482002142,
"Buff It #2 , 1699 Stick Ross Mountain Rd , Tahlequah , OK , 74464",35.8919067,-94.9858551,Buff It Auto Wash 2,ChIJZ9pRglr_yYcR0d9Yd2gfspU.jpg,0.396799055347694,262,103.961352501096,
"Buff It Auto Wash , 1408 E Wade Watts Ave , McAlester , OK , 74501",34.9237442,-95.751091,Buff It Auto Wash,ChIJ3U6eTcT9tIcRLqpRW_VY_VE.jpg,0.401594315893566,321,128.911775401835,
"Bulldog Car Wash , 2920 Atlanta Hwy , Athens , GA , 30606",33.9453994,-83.4395095,Bulldog Car Wash & Golf Carts,ChIJp3Mdd5Jy9ogRoLgDoBG2nS8.jpg,0.406323524456012,226,91.8291165270587,
"Burlington , 3155 E Agency St , Burlington , IA , 52601",40.8142028,-91.1381794,Champion Xpress Carwash,ChIJlVHSbqwz4YcRYNYmqjD8b0w.jpg,0.370696893885054,328,121.588581194298,
"Buster's Car Wash , 2409 Route 9 , Malta , NY , 12020",42.9635835,-73.7908461,Buster's Car Wash,ChIJDxVKWxQ_3okRluMCb2PwG4I.jpg,0.35842976771181,371,132.977443821082,
"CHAGRIN AUTO SPA , 8327 E Washington St , Chagrin Falls , OH , 44023",41.4140899,-81.344812,Chagrin Auto Spa,ChIJUcwYRp8aMYgRhOuXZj89_C8.jpg,0.367324823974542,331,121.584516735573,
"Cabot - Willie Ray Dr , 210 Willie Ray Dr , Cabot , AR , 72023",34.9816958,-92.0354003,Splash Car Wash,ChIJIZ9KCk3v0ocRhtrT5aU18dw.jpg,0.40131049739264,379,152.096678511811,
"Cajun Clean , 2240 Denny Ave , Pascagoula , MS , 39567",30.3703765,-88.5403641,Cajun Clean Express Car Wash,ChIJV5zMoI_pm4gRdKIFuDMs-90.jpg,0.422586756183565,263,111.140316876278,
"Cajun Clean Gautier , 2235 US-90 , Gautier , MS , 39553",30.3903613,-88.6456867,Cajun Clean Express,ChIJqQ2BoTzxm4gRf_z6yTlPims.jpg,0.422500986032551,300,126.750295809765,
"Calhoun , 460 Hwy 53 , Calhoun , GA , 30701",34.4761289,-84.9279642,Dirty Dog's Car Wash Calhoun,ChIJnZhkzBD-X4gRv0P_myVbH3w.jpg,0.403772863710578,328,132.43749929707,
"Caliber Inverness , 2001 Hwy 44 W , Inverness , FL , 34453",28.83717,-82.3558067,Caliber Car Wash,ChIJs6YSaHBz6IgRgZemZdwMVNY.jpg,0.429061926283443,284,121.853587064498,
"Canon City , 3110 E Main St , Canon City , CO , 81212",38.4465114,-105.1920275,Champion Xpress Carwash,ChIJ1S_64kmFFIcRq465h__Z6cE.jpg,0.383607736171015,332,127.357768408777,
"Capitol Car Wash , 3125 Airport Rd , Pierre , SD , 57501",44.3818768,-100.3122439,Capitol Car Wash,ChIJtbFCNj0TgIcRxbnQMfZGHc4.jpg,0.350057182263189,not found,#VALUE!,
"Carisma Car Wash , 2407 W Dickinson Blvd , Fort Stockton , TX , 79735",30.8937579,-102.9062363,Carisma Car Wash,ChIJHeR5Wat-8IYRRBxwL0y-MFU.jpg,0.4203076919245,232,97.511384526484,
"Carmel Car Wash 3 , 2003 S Goliad St , Rockwall , TX , 75087",32.9118499,-96.4511337,Carmel Car Wash,ChIJs4fG7n-qToYRB1Xl8nglnXc.jpg,0.411190875266751,319,131.169889210094,
"Cartersville , 1330 Joe Frank Harris Pkwy SE , Cartersville , GA , 30120",34.2071766,-84.8163398,LUV Car Wash,ChIJCeV3RmhP9YgRACF1BaGzwbk.jpg,0.405070942278616,285,115.445218549406,
"Cartersville , 9 Hillview Ave NE , Cartersville , GA , 30121",34.2065892,-84.8002252,Mach-1 Express Wash of Cartersville,ChIJd9F-LRJP9YgR2oeA6EQXa5E.jpg,0.405072646921061,323,130.838464955503,
"Castaway Car Wash , 1686 S 8th St , Fernandina Beach , FL , 32034",30.6479175,-81.4592685,Castaway Car Wash,ChIJa3uYgU3_5IgRutVEz4uHtJ4.jpg,0.421382880071695,225,94.8111480161314,
"Cedar Town , 1559 Rome Hwy , Cedartown , GA , 30125",34.045311,-85.2369717,Mach-1 Express Wash Cedartown,ChIJ8TDX0ijBiogRBn_fe9yibmE.jpg,0.405845971474159,285,115.666101870135,
"Champion - Old Hickory , 1432 Robinson Rd , Old Hickory , TN , 37138",36.2568948,-86.6562578,Champion Car Wash,ChIJOxhALDlBZIgRqkZ3PloK1_c.jpg,0.394963900760713,202,79.782707953664,
"Champion CW - HENDER , 1159 W Main St , Hendersonville , TN , 37075",36.3085083,-86.6632137,Advanced Autowash II,ChIJqa1shAFEZIgRP9XHr2mRpuw.jpg,0.394700597090476,165,65.1255985199285,
"Champion CW - PLVIEW , 101 Ren Mar Dr , Pleasant View , TN , 37146",36.397869,-87.030783,Champion Car Wash,ChIJ04G4kn3xZIgRr9--2tVzi3Y.jpg,0.394247815658143,not found,#VALUE!,
"Champion Car Wash , 930 Old US Hwy 1 , Southern Pines , NC , 28387",35.1677913,-79.4033042,Champion Car Wash & Detail Shop,ChIJicYYZJW0VIgR9QAADofv8_M.jpg,0.400396318427499,198,79.2784710486448,
"Champions CW , 20118 Stone Oak Parkway , San Antonio , TX , 78258",29.6260576,-98.4953595,Car Wash,ChIJ4QfP_RFiXIYR5vR5-hH3T9o.jpg,0.425768645266746,not found,#VALUE!,
"Champs Car Wash , 775 N Mustang Rd , Tuttle , OK , 73089",35.3019905,-97.7245565,Champs Car Wash,ChIJHZoVqyN1socRxMxzz2nWB0A.jpg,0.399734453960963,287,114.723788286796,
"Clarksville , 1606 Haynes St , Clarksville , TN , 37043",36.515143,-87.315686,Whitecap Car Wash,ChIJH-o0GQTZZIgRK0Ik4ZhvRmQ.jpg,0.393652652916146,not found,#VALUE!,
"Classic Auto Wash , 289 N Comrie Ave , Johnstown , NY , 12095",43.0191956,-74.3623202,Classic Auto Wash,ChIJd_KT9tTy3okRAX1v7ujs0Sk.jpg,0.358105195276329,280,100.269454677372,
"Clean Wheels , 3919 Cheyenne Street , Cheyenne , WY , 82001",41.1469765,-104.7615591,Clean Wheels Car Wash,ChIJO8BPHu87b4cRoUHQkuD_xro.jpg,0.368831321943276,357,131.67278193375,
"ClearWater - Burleson , 279 NW John Jones Dr , Burleson , TX , 76028",32.523754,-97.3526833,ClearWater Express Wash,ChIJgfhc-bRpToYRLbRVO1SIYWw.jpg,0.412984087050825,320,132.154907856264,
"ClearWater - Cleburne , 809 W Henderson St , Cleburne , TX , 76033",32.3440449,-97.3974471,ClearWater Express Car Wash,ChIJv1BoCJdHToYRJvRc6cWJHis.jpg,0.413808015796945,325,134.487605134007,
"ClearWater - Conroe 105 , 14667 Hwy 105 West , Montgomery , TX , 77356",30.3539021,-95.5851161,ClearWater Express Wash,ChIJoz-OHhMjR4YRgsL2baXs3wo.jpg,0.422658573845286,320,135.250743630492,
"ClearWater - Houston 249 , 6421 West Rd , Houston , TX , 77086",29.9123294,-95.4837309,ClearWater Express Wash,ChIJGTYaBr3PQIYRDyjUWN8nbDU.jpg,0.424553578845691,320,135.857145230621,
"ClearWater - Magnolia , 14206 Farm to Market Rd 1488 , Magnolia , TX , 77354",30.2243894,-95.68431,ClearWater Express Wash,ChIJz9I54RQnR4YRsr-uo5JDcMw.jpg,0.423216983143567,310,131.197264774506,
"ClearWater - Willis East , 111 Holland St , Willis , TX , 77378",30.4229852,-95.4861172,ClearWater Express Wash,ChIJbSLEX7YXR4YRsBd_9RUQ-nc.jpg,0.422359830526702,317,133.888066276965,
"Clearview Car Wash East Tawas , 1748 US-23 , East Tawas , MI , 48730",44.2909221,-83.4528286,N/A,N/A,N/A,,#VALUE!,
"Clearview Car Wash Oscoda , 5232 N U.S. 23 , Oscoda , MI , 48750",44.432142,-83.3297029,Clearview Car Wash,ChIJe5fJ-qk-J4gRqhwpYBmJNmo.jpg,0.349756500546876,317,110.87281067336,
"Clearview Car Wash Ripley , 135 S Ripley St , Alpena , MI , 49707",45.0606433,-83.4526433,Ripley Car Wash,ChIJY8eJMh5cM00RExGyia-3NFU.jpg,0.345974344837735,not found,#VALUE!,
"Clearview Car Wash State Street , 105 Mason St , Alpena , MI , 49707",45.0475512,-83.4484188,State Street Auto Wash,ChIJB1sVYBtcM00R8WK4r-e8xdA.jpg,0.34605342781958,284,98.2791735007607,
"Coastline Express , 4447 Main St , Shallotte , NC , 28470",33.984025,-78.3666889,The RipTide Car Wash,ChIJm_lADUp3qokRl3C_1dcOiBQ.jpg,0.406138525779362,279,113.312648692442,
"Conway - Old Morrilton Hwy , 1505 Old Morrilton Hwy , Conway , AR , 72032",35.1113002,-92.4448947,Splash Car Wash & 10-Minute Oil Change,ChIJuSbOOPKB0ocRrKl4GclHOvE.jpg,0.400674305244747,349,139.835332530417,
"Coors , 5401 Sevilla Ave NW , Albuquerque , NM , 87120",35.1411474,-106.6991857,Champion Xpress Carwash,ChIJeVSC_QtzIocRcemCYLHpC4U.jpg,0.400527385486906,318,127.367708584836,
"Corinth , 2210 S Harper Rd , Corinth , MS , 38834",34.9120866,-88.5034177,Mach-1 Express Wash of Corinth,ChIJCdQKcwPBfYgRPVMzwuXOlqg.jpg,0.401651712224271,327,131.340109897337,
"Covington , 29 Robbins Rd , Covington , TN , 38019",35.5436772,-89.663502,Century Express Carwash - Covington,ChIJPbs7Vn8Vf4gRlOUXxkuDbJY.jpg,0.398536765928887,,121,121
"Crystal Clean Auto Spa , 75 Old HWY 96 , Bonaire , GA , 31005",32.5488135,-83.5955388,Crystal Clean Auto Spa,ChIJueskZhbf84gRoKMFV8VZslo.jpg,0.412868870047083,,127,127
"DAVID CHEVROLET , 10225 Niagara Falls Blvd , Niagara Falls , NY , 14304",43.0986208,-78.9422278,David Chevrolet Car Wash,ChIJYYYqHR1p04kRI4a_K1lMdgs.jpg,0.357643360833024,not found,#VALUE!,
"DON'S EXPRESS CARWASH , 200 Waldon Rd , Harlan , KY , 40831",36.8192661,-83.3184822,Don's Express Car Wash,ChIJeYpcmm1BW4gR_JBfy7wr_08.jpg,0.392094197220152,253,99.1998318966985,
"Dallas Kwik-Mart , 2384 Memorial Highway , Dallas , PA , 18612",41.3313887,-75.9536603,Dallas kwik-Mart,ChIJ_dfq6vgWxYkR3e-t1uZ_wFw.jpg,0.367792106832557,not found,#VALUE!,
"Daybreak Market , 19701 Cochran Blvd , Port Charlotte , FL , 33948",27.0167144,-82.1334659,DayBreak Car Wash,ChIJCbU1RLqr3IgR0X-_6AO63I8.jpg,0.436350212667789,,101,101
"Delta , 1201 Valley View Dr , Delta , CO , 81416",38.751272,-108.055851,Champion Xpress Carwash,ChIJ-e05T6xNR4cRdgyp6g_Uo3w.jpg,0.381980896278726,259,98.93305213619,
"Detricks Conway , 2280 Church St , Conway , SC , 29526",33.85278,-79.0754414,N/A,N/A,N/A,N/A,#VALUE!,
"Detricks Glenforest , 1036 Glenforest Rd , Myrtle Beach , SC , 29579",33.7547775,-78.9635923,Detrick's Car Wash,ChIJK2BoDtFtAIkRv6UJy5Jk2V4.jpg,0.407231221836485,not found,#VALUE!,
"Diamond Express , 1801 Lander Ave , Turlock , CA , 95380",37.475985,-120.8494004,Fast Track Car Wash,ChIJt9fO4ioGkYARFOfVfciyzN0.jpg,0.388714562295692,not found,#VALUE!,
"Dickys Bluffton , 1930 N Main St , Bluffton , IN , 46714",40.7705245,-85.166528,Dicky's Express Car Wash,ChIJ8fCfc5CRFYgRT0YCMx1v6kw.jpg,0.370940863348778,484,179.535377860809,
"Dickys Decatur , 1022 S 13th St , Decatur , IN , 46733",40.818633,-84.939277,Dicky's Express Car Wash,ChIJd1zLaA4hPogR4r3nDZbaK5g.jpg,0.370672282298507,not found,#VALUE!,
"Dickys Huntington , 2600 Walmart Dr , Huntington , IN , 46750",40.898213,-85.5135535,Dicky's Express Car Wash,ChIJH0CogQfJFYgRmTVl92Rnwdg.jpg,0.370227119474949,298,110.327681603535,
"Dog House Auto Spa , 731 W Rogers Blvd , Skiatook , OK , 74070",36.3682186,-96.0117013,Dog House Auto Spa,ChIJtekWl97ntocRZNkvyS39lXQ.jpg,0.394398239752528,not found,#VALUE!,
"EXPRESS AUTO WASH , 7167 NY-54 , Bath , NY , 14810",42.3490756,-77.3089603,Express Auto Wash,ChIJTYCohmCu0YkR9H2U3_Yj87Q.jpg,0.361988915757227,276,99.9089407489947,
"Eastlake , 13509 Eastlake Blvd , El Paso , TX , 79928",31.6986017,-106.2213483,Champion Xpress Carwash,ChIJlYd_s09B54YRD0Ruezvr9qk.jpg,0.416732761825608,241,100.432595599972,
"Edge Express Garner , 4717 NC-42 , Garner , NC , 27529",35.6108709,-78.5531604,Edge Express Car Wash,ChIJYSH90IFlrIkRPgkFlaQ9ILs.jpg,0.398202743253629,not found,#VALUE!,
"Edge Express Shelby , 925 E Dixon Blvd , Shelby , NC , 28152",35.2744626,-81.5270426,Edge Express Car Wash,ChIJmXNZURsgV4gRWOwCLfc7xmg.jpg,0.399870399233697,316,126.359046157848,
"Edge Express Shelby 2 , 1696 E Dixon Blvd , Shelby , NC , 28152",35.2728672,-81.5051658,Edge Express Car Wash,ChIJF_LqQ-ffVogRR5hPWg8S1tc.jpg,0.399878275214003,236,94.3712729505047,
"Edgewood , 3 NM Hwy 344 , Edgewood , NM , 87015",35.1482669,-106.1914196,N/A,N/A,N/A,,#VALUE!,
"Elks Edge , 547 CC Camp Rd , Elkin , NC , 28621",36.2787554,-80.8330241,Elks Edge Express Wash,ChIJ3Zprc8WBUYgRCfAue7XHNfU.jpg,0.394851256505726,310,122.403889516775,
"Espanola , 1319 N Riverside Dr , Espanola , NM , 87532",36.0111124,-106.0636052,Champion Xpress Carwash Española,ChIJrYosqig9GIcR_QGWMz0yPWY.jpg,0.396200966896399,320,126.784309406848,
"Express Wash Kissimmee , 1095 Amber Pointe Blvd , Kissimmee , FL , 34744",28.280829,-81.344289,Express Wash on Irlo,ChIJh3YNLoiF3YgRdAD9M_omJTE.jpg,0.431335603079543,,150,150
"Express Wash Lakeland , 5430 Florida Ave S , Lakeland , FL , 33813",27.9665149,-81.9645933,Express Wash on Florida,ChIJrURM3Eo73YgR1j9o2lnAtcg.jpg,0.432602272000778,not found,#VALUE!,
"FASTLANE EXPRESS CAR WASH , 924 E 30th Ave , Hutchinson , KS , 67502",38.087,-97.9111,Fastlane Express Car Wash,ChIJoR5G-lO2pIcRBJ7EZXTNGUQ.jpg,0.385509428353882,464,178.876374756201,
"FLAVO_N.Hwy27 , 1101 US-27 , Avon Park , FL , 33825",27.608686,-81.515066,El Car Wash - Avon Park,ChIJcYocSuFV3IgREOFQPF6HnlA.jpg,0.434023253086362,,115,115
"FLLAK_Hwy27 , 23461 US-27 , Lake Wales , FL , 33859",27.9519851,-81.6185727,El Car Wash - Lake Wales,ChIJsZbhJ6oN3YgR4EgjmygSERc.jpg,0.432660382280584,266,115.087661686635,
"Fairborn Car Wash , 1052 Kauffman Ave , Fairborn , OH , 45324",39.8098171,-84.0258805,Wash it Dean,ChIJi_fHtOedQIgRf9Pe7FkPYHA.jpg,0.37625141987968,257,96.6966149090778,
"Fairhope , 20310 AL-181 , Fairhope , AL , 36532",30.521774,-87.8517334,Mach-1 Express Wash Fairhope,ChIJOaQmvK5rmogRlmADjYIE8OQ.jpg,0.421931535392438,232,97.8881162110456,
"Fast Pass Car Wash , 638 North H Street , Lompoc , CA , 93436",34.6486028,-120.4570624,Fast Pass Car Wash Inc,ChIJC_u9Ob8e7IARgDjmBYm2BHk.jpg,0.402936212776575,220,88.6459668108465,
"Fenton , 3709 Owen Rd , Fenton , MI , 48430",42.7891069,-83.7442545,Drip Car Wash,ChIJ41aQYIxlI4gRALahGysabXw.jpg,0.359444237200314,341,122.570484885307,
"Fernandina Beach , 474339 SR 200 , Fernandina Beach , FL , 32034",30.61808,-81.514613,LUV Car Wash,ChIJC7zLBcNV5IgReCezuo2EIUI.jpg,0.421512523112491,286,120.552581610172,
"Fine N Shine , 1304 TX-121 , Bonham , TX , 75418",33.5867548,-96.1921253,Fine 'N Shine Carwash,ChIJ-0LEM4GdS4YRe3OIgl-w5B0.jpg,0.408027569742098,not found,#VALUE!,
"Five Star Boone , 1200 Blowing Rock Rd , Boone , NC , 28607",36.2034723,-81.6668446,5 Star Express Car Wash,ChIJlQE-rAP7UIgRjxY5fYLr60Y.jpg,0.395231733942453,301,118.964751916678,
"Five Star Statesville , 117 Turnersburg Hwy , Statesville , NC , 28625",35.8085295,-80.8764773,5 Star Express Car Wash,ChIJLcHdSIVZUYgR91hhmH90XsQ.jpg,0.397216496495702,330,131.081443843582,
"Fleming Island , 1725 Eagle Harbor Pkwy , Fleming Island , FL , 32003",30.1027697,-81.7048645,LUV Car Wash,ChIJs8ILhQHF5YgRRoabDYrdpxY.jpg,0.423739260925873,373,158.054744325351,
"Flex Wash , 1285 U.S. 31 N , Petoskey , MI , 49770",45.3896578,-84.9129299,Flex Wash,ChIJdQWOkr-DSk0RsCdKzCT-C4o.jpg,0.343977593206474,not found,#VALUE!,
"Florence , 2339 David H McLeod Blvd , Florence , SC , 29501",34.1874969,-79.8197635,Caliber Car Wash,ChIJTdG70E9nVYgRZnd8ovP8c7o.jpg,0.405155734577417,304,123.167343311535,
"FoamWorks Brunswick , 5200 Altama Ave , Brunswick , GA , 31525",31.2061049,-81.4822407,FoamWorks Auto Spa of Brunswick,ChIJccxpBYfX5IgRQyK_WOulmXg.jpg,0.418930477210932,296,124.003421254436,
"FoamWorks Cordele , 1305 16th Ave E , Cordele , GA , 31015",31.9624515,-83.7617001,FoamWorks Auto Spa of Cordele,ChIJF06DAjMl8ogRwdGZfozmNac.jpg,0.415543170078447,309,128.40283955424,
"FoamWorks Hartley Bridge , 4701 Hartley Bridge Rd , Macon , GA , 31216",32.744358,-83.725563,FoamWorks Auto Spa of Hartley Bridge Macon,ChIJoWRCmmr784gRUdHTKstB1Sw.jpg,0.411967096816275,300,123.590129044883,
"FoamWorks Lithia Springs , 369 Westfork Ct , Lithia Springs , GA , 30122",33.7942326,-84.633738,FoamWorks Auto Spa of Lithia Springs,ChIJB_ZVGUci9YgRBHTPu5fiGSw.jpg,0.407043715383272,311,126.590595484198,
"FoamWorks Riverside , 4780 Riverside Dr. , Macon , GA , 31201",32.9217734,-83.7107966,FoamWorks Auto Spa of Riverside,ChIJ38KYXNEH9IgRd9wm9iKzL2k.jpg,0.411144775643899,317,130.332893879116,
"FoamWorks Thomaston , 5551 Thomaston Rd. , Macon , GA , 31220",32.8344408,-83.742574,FoamWorks Auto Spa of Thomaston Rd Macon,ChIJ187q2dD584gRnxJQkTCYgNo.jpg,0.411550055775253,,129,129
"FoamWorks Vidalia , 203 Rigsbee Dr , Vidalia , GA , 30474",32.2110446,-82.3949092,FoamWorks Auto Spa of Vidalia,ChIJG9Yw-qyJ8IgRyxbcppecwSo.jpg,0.414415191890039,,118,118
"Forest City , 157 Plaza Dr , Forest City , NC , 28043",35.3341532,-81.8970099,Mach-1 Express Wash Forest City,ChIJX9CNAdJBV4gRHI4Iq8F0A9Q.jpg,0.399574885546842,293,117.075441465225,116
"Fort Smith - Highway 71 , 12114 US-71 , Fort Smith , AR , 72916",35.2690562,-94.3700276,Splash Car Wash,ChIJ-4J_tB2ty4cRJcALdtBAI5A.jpg,0.399897213026459,276,110.371630795303,
"Fort Smith - Massard Rd , 5800 Massard Rd , Fort Smith , AR , 72903",35.3260818,-94.3415391,Splash Car Wash,ChIJpcWEPwWzy4cReeMEtpRwRVc.jpg,0.399617051488212,280,111.892774416699,
"Fresh Wash - Braselton , Exchange Way , Braselton , GA , 30517",34.1223755,-83.7642661,PC Fresh Wash,ChIJqRimoX_v9YgR8ejBKJT2ZO8.jpg,0.405476778906851,323,130.968999586913,
"Ft Walton -Beal , 794 Beal Pkwy NW , Fort Walton Beach , FL , 32547",30.446616,-86.63932,Caliber Car Wash,ChIJM-ryB90_kYgR13dklp2ctYc.jpg,0.422257197611584,290,122.454587307359,
"GAWOO_Eagle , 2907 Eagle Dr , Woodstock , GA , 30189",34.113012,-84.5571699,Zips Car Wash,ChIJo4spJnVr9YgRGVVmhRxCyYk.jpg,0.405521658009584,290,117.601280822779,
"Galesburg , 334 E Carl Sandburg Dr , Galesburg , IL , 61401",40.9761518,-90.3654388,Champion Xpress Carwash,ChIJJWeEROiV4YcR3RmB3fldExA.jpg,0.369790534251354,295,109.088207604149,
"Gallup 49 , 1060 US-491 , Gallup , NM , 87301",35.5382265,-108.7581009,Champion Xpress Carwash,ChIJfasFfd_fJIcRmLvkIHAB9Cc.jpg,0.398563998564817,,139,139
"Gallup 66 , 1300 E Historic Hwy 66 , Gallup , NM , 87301",35.529778,-108.7220066,Champion Xpress Carwash,ChIJrdBMQZjfJIcRH0urrXdhy6c.jpg,0.398607325339827,260,103.637904588355,
"Gardendale , 420 Fieldstown Rd , Gardendale , AL , 35071",33.6522172,-86.8173304,Mach-1 Express Wash Gardendale,ChIJx9b6-oAFiYgRnrSm_tlQEqw.jpg,0.407717561021852,277,112.937764403053,
"Georgetown , 20945 N Dupont Blvd , Georgetown , DE , 19947",38.6892922,-75.3972612,Mach-1 Express Wash Georgetown,ChIJta-BMeTruIkRXwouqnd5chA.jpg,0.382311726920349,301,115.075829803025,
"Go Clean Car Wash Eufaula , 1 Veteran Blvd , Eufaula , AL , 36027",31.842735,-85.1676913,Go Clean Car Wash,ChIJ6VoD_YJHjYgRdAt5E6_dWvw.jpg,0.416084914249029,295,122.745049703464,
"Go Clean Mobile City , 6658 Mobile Hwy , Pensacola , FL , 32526",30.4763011,-87.3079223,Go Clean Car Wash,ChIJrTv9OQS9kIgRID7F4660cVc.jpg,0.422128851148063,338,142.679551688045,
"Go Clean Monroe , 3218 N Monroe St , Tallahassee , FL , 32303",30.4864428,-84.3167069,N/A,N/A,N/A,N/A,#VALUE!,N/A
"Go Clean Pensacola , 8897 Pensacola Blvd , Pensacola , FL , 32534",30.5263517,-87.2756117,Go Clean Car Wash,ChIJlyIPObyVkIgRoplq7fuSzSg.jpg,0.421911685329807,,124,124
"Granite Falls , Riverbend Club Point , Granite Falls , NC , 28630",35.7892015,-81.3806659,N/A,N/A,N/A,N/A,#VALUE!,N/A
"Great North Auto Wash , 2701 N Lincoln Rd , Escanaba , MI , 49829",45.780323,-87.0842742,Great North Auto Wash,ChIJmduMyzy8TU0RHkJ2sVl-20A.jpg,0.341592121212707,,134,134
"Greenbrier - S Broadview St , 98 S Broadview St , Greenbrier , AR , 72058",35.2228379,-92.3876296,Splash Car Wash,ChIJSYycb3p-0ocRhjYUw9F3Dto.jpg,0.400125244965332,257,102.83218795609,
"Grime Scene , 513 TX-114 , Levelland , TX , 79336",33.5944716,-102.3586622,Grime Scene Car Wash Levelland,ChIJJSKEYX_r_YYRB4Xg5O72kOs.jpg,0.407991072595696,357,145.652812916663,
"Gwatzilla Car Wash , 1701 T P White Dr , Jacksonville , AR , 72076",34.8820519,-92.1105156,Gwatzilla Wash-N-Lube,ChIJg2OOWfnq0ocRVjZRYTQh2Xk.jpg,0.401798250229747,326,130.986229574898,
"H2GLO CAR WASH , 1905 Electric Rd , Cave Spring , VA , 24018",37.2475657,-80.0346677,H2Glo carwash,ChIJoyZhUhILTYgRkavxjlcrNUQ.jpg,0.389894469680861,324,126.325808176599,
"Hall of Fame Carwash , Gateway Blvd , Leland , NC , 28451",34.213539,-78.0197913,Hall of Fame Car Wash,ChIJFTgbtYAZqokRZHfhwlgCZm4.jpg,0.405039095243067,350,141.763683335073,
"Hampstead , 38 Dan Owen Dr , Hampstead , NC , 28443",34.3656598,-77.7116709,Caliber Car Wash,ChIJY8g6CzuRqYkRcPJqoX13gl0.jpg,0.404306575495424,302,122.100585799618,
"Happy Car Wash Albany , 527 NW North Albany Rd , Albany , OR , 97321",44.6428313,-123.1126361,Happy's Drive Thru Car Wash,ChIJBQ0tC_ITwFQRgamsDANJ0qg.jpg,0.348493250724881,295,102.80550896384,
"Hercules/Elite Care Auto , 1401 Lexington Ave , Mansfield , OH , 44907",40.72053,-82.5435665,Hercules Express Wash,ChIJ1cle8n3rOYgRaJIyG_8DGOI.jpg,0.371219817280744,not found,#VALUE!,
"Hernando , 2660 McIngvale Rd , Hernando , MS , 38632",34.8209976,-89.9712562,Century Express Carwash,ChIJSy9wLtL1f4gRR5mK1bueHRg.jpg,0.402097894521299,,135,135
"Heroes Car Wash Asheville , 2000 Hendersonville Rd , Asheville , NC , 28803",35.4858828,-82.5247986,Heroes Car Wash,ChIJ6QSuWiztWYgR_qVUNfl_rMo.jpg,0.398823944746346,256,102.098929855065,
"Heroes Express 6050 , 6050 Wade Hampton Blvd , Taylors , SC , 29687",34.9354072,-82.2761998,Car Wash Heroes,ChIJf3vOkw0rWIgRFwK-CMHLKco.jpg,0.401536960986876,214,85.9289096511915,
"Heroes Express Pleasantburg , 3107 N Pleasantburg Dr , Greenville , SC , 29609",34.8869993,-82.3956837,Hurricane Express Wash,ChIJKfOhvG0xWIgR032-McCoAOk.jpg,0.401774123174194,264,106.068368517987,
"Heroes Express Salisbury , 1420 E Innes St , Salisbury , NC , 28146",35.6543588,-80.4565091,Heroes Car Wash,ChIJ_-6y-7PzU4gRYEasfD4gJ5o.jpg,0.397986160677086,340,135.315294630209,
"Howell 2 , 4550 E Grand River Ave , Howell , MI , 48843",42.5818921,-83.8629198,Drip Car Wash,ChIJpQSebeNHI4gRumKHCPT_ZfI.jpg,0.360642676405476,341,122.979152654267,
"Huntsville , 1020 Pear Drive , Huntsville , TX , 77320",30.7189698,-95.5677495,Clean Car Wash,ChIJuZvXbMQHR4YRMpO04MJGEPk.jpg,0.421073010506266,352,148.217699698206,
"I-91 Express Wash , 168 Bridge St , East Windsor , CT , 6088",41.9312928,-72.606885,Optimo Car Wash,ChIJ_-iqMQD75okRfX6282VY09M.jpg,0.364385209556468,211,76.8852792164148,
"In and Out , 1430 N U.S. Hwy 41 , Ruskin , FL , 33570",27.7311395,-82.4344133,In & Out Express Carwash,ChIJPcz2YIjYwogRR-GYukPtHjQ.jpg,0.43354215534544,242,104.917201593596,
"In-N-Out Car Wash , 12883 US-68 , Kenton , OH , 43326",40.6332275,-83.6155622,IN-N-OUT Car Wash,ChIJ4brvDurNPogR2e6kGS4s1QE.jpg,0.371706260540885,,120,120
"Indian Harbour , 600 E Eau Gallie Blvd , Indian Harbour , FL , 32937",28.1389437,-80.5905792,Caliber Car Wash,ChIJ2Qc_JIoR3ogR9h7OYXjJgaM.jpg,0.431908935370664,not found,#VALUE!,
"JC AUTO WASH , 701 S Dewey St , North Platte , NE , 69101",41.127653,-100.762632,J C's Autowash & Quick Lube,ChIJx5JlZ_oidocRFRoWX4CV_Nc.jpg,0.36893999437902,not found,#VALUE!,
"JJ Express Car Wash , 2185 US-70 , Thatcher , AZ , 85552",32.8380212,-109.7363483,J J Express Car Wash,ChIJRzawEb7814YR8-vgsZpe1lQ.jpg,0.411533459177848,292,120.167770079932,
"JJ's Car Wash Dickinson , 404 FM 517 W , Dickinson , TX , 77539",29.4452705,-95.0838394,JJ’s Car Wash - Dickinson,ChIJ4UOdoguDQIYRjAEfa_n1cdk.jpg,0.426530513370262,349,148.859149166221,
"JJ's Car Wash Friendswood , 2221 W Parkwood Ave , Friendswood , TX , 77546",29.4855535,-95.2153615,"JJ's Car Wash - Friendswood, TX",ChIJ8Qy6uESFQIYRzXd6W7bLiuc.jpg,0.426359505513764,338,144.109512863652,
"Jallo - Land O Lakes , 15474 State Rd 52 , Land O' Lakes , FL , 34638",28.330187,-82.5597081,Links Car Wash,ChIJpzgVQa2jwogRSxi_--7ZOjA.jpg,0.431136563665794,not found,#VALUE!,
"Jammin Car Wash , 21356 Walmart Way , Lutz , FL , 33548",28.1769847,-82.4647521,Jammin Car Wash,ChIJX2m5YuO5wogRHXoPx82cL1A.jpg,0.43175547300777,347,149.819149133696,
"Jet Express Carwash , 1501 S Main St , Blacksburg , VA , 24060",37.213749,-80.3998376,Jet Express,ChIJsdBIiiKVTYgRumJ_8IGjmSI.jpg,0.390069374169522,not found,#VALUE!,
"Jet Express Franklin , 1121 Georgia Rd , Franklin , NC , 28734",35.158971,-83.392801,Jet Express Car Wash,ChIJiRV9lR4nWYgRJvqv9xRF0y0.jpg,0.400439590752032,321,128.541108631402,
"Jim Wood Washland , 1925 Silver City Hwy NW , Deming , NM , 88030",32.282669,-107.759936,Slash 77 Car Wash,ChIJVzLWfnzD3oYRGpy-qu5Kem8.jpg,0.414088855492527,286,118.429412670863,
"Joe's Premium Car Wash , 1905 E Robertson Blvd , Chowchilla , CA , 93610",37.126561,-120.2444694,Joe's Premium Car Wash,ChIJXf3p9aX_k4AR9KOzuotfQLA.jpg,0.390519695206841,not found,#VALUE!,
"John's Auto Spa Nappanee , 2000 E. Market St , Nappanee , IN , 46550",41.4430698,-85.9784108,John's Auto Spa,ChIJyb6JRS68FogRgf_dqZoo81o.jpg,0.367161548017712,291,106.844010473154,
"KUHNSVILLE CAR WASH , 5627 Tilghman St , Allentown , PA , 18104",40.5927909,-75.5866384,Kuhnsville Car Wash,ChIJyUNE8hcxxIkRpn-dtIMZmRs.jpg,0.371931278009695,,134,134
"KWIK CAR WASH , 4000 Catnip Hill Rd , Nicholasville , KY , 40356",37.9290658,-84.5501918,bp,ChIJIzTCEZteQogROJxUUR7LRMo.jpg,0.386340859924862,not found,#VALUE!,
"KYLOU_CaneRun , 4860 Cane Run Rd , Louisville , KY , 40216",38.1806517,-85.8589994,Zips Car Wash,ChIJ7WxIkvQVaYgRWhovIyjzpRA.jpg,0.385014843562181,339,130.520031967579,
"KYWIN_Codella , 160 Codella Dr , Winchester , KY , 40391",37.9897787,-84.2095068,Zips Car Wash,ChIJ9Xh90WGtQ4gRdMesL_Kvy_I.jpg,0.386021779939349,346,133.563535859015,
"Kennesaw , 1585 Crater Lake Dr , Kennesaw , GA , 30152",33.9969501,-84.5907868,Dirty Dog's Car Wash Kennesaw,ChIJk0OXMMwV9YgRvYbWywW7ORk.jpg,0.40607727892775,371,150.654670482195,
"King's Car Wash , 1116 W Corbett Ave , Swansboro , NC , 28584",34.7019676,-77.148783,King's Car Wash Express,ChIJlZp8sRb9qIkRp5R8YJQ2xVk.jpg,0.402676604103585,456,183.620531471235,
"Klemm Express , 4 Mall Road , Salem , NH , 3079",42.7693178,-71.2293634,Klemm's Express CarWash,ChIJmS9KV8Gr44kRtyqztTQ7tTc.jpg,0.359559132964558,391,140.587620989142,
"Klemm Express Inbay , 4 Mall Road , Salem , NH , 3079",42.7693327,-71.2293089,Klemm's Express CarWash,ChIJmS9KV8Gr44kRtyqztTQ7tTc.jpg,0.359559132964558,391,140.587620989142,
"LOUISVILLE , 1670 Alliant Ave , Louisville , KY , 40299",38.218812,-85.538056,Whistle Express Car Wash,ChIJF2frP6oVaYgRu3cnbsIloCU.jpg,0.384813872273688,288,110.826395214822,
"Lafayette , 2142 N Main St , LaFayette , GA , 30728",34.7403079,-85.2723458,LUV Car Wash,ChIJ0_tQlyQVYIgRTmZ_xqdeDpU.jpg,0.402489975896981,265,106.6598436127,
"Lake Effect , 145 George St , Oswego , NY , 13126",43.4624732,-76.4847243,Lake Effect Car Wash,ChIJxzoyPb9914kRVtOlNiL3WcY.jpg,0.355509201404849,not found,#VALUE!,
"Lake Wales , 2043 State Road 60 E , Lake Wales , FL , 33859",27.9031047,-81.6223701,N/A,N/A,N/A,N/A,#VALUE!,N/A
"Lakes Edge , 7916 Bradley Long Dr , Sherrills Ford , NC , 28673",35.5832605,-80.9887544,Lakes Edge Express Wash,ChIJ5xwU8VpNUYgRI_HAD8nTykg.jpg,0.398340132459872,296,117.908679208122,
"Lakeside Auto Wash , 617 N Mitchell St , Cadillac , MI , 49601",44.2553229,-85.4038692,Lakeside Autowash,ChIJ_65EKOQIH4gRU9R99KvgCxA.jpg,0.350813022239528,330,115.768297339044,
"Las Vegas , 2608 7th St #Nm-518 , Las Vegas , NM , 87701",35.6210093,-105.224725,Champion Xpress Carwash,ChIJsbedtz53GYcRy8lGYboF3NA.jpg,0.398155035681227,314,125.020681203905,
"Legacy Express Wash , 2583 E 5th Ave , Columbus , NE , 68601",41.4412727,-97.3205261,Legacy Express Wash,ChIJEbl9ekTpkIcR2KFe--lrxqU.jpg,0.367171067068415,338,124.103820669124,
"Lightning Fast , 2045 W Oaklawn Rd , Pleasanton , TX , 78064",28.940437,-98.5105038,Lightning Fast Car Wash,ChIJP7f0z8CnXYYR_H7IkZqPPpw.jpg,0.428635459500219,321,137.59198249957,
"Local Car Wash , 331 W Loudon St , Chambersburg , PA , 17201",39.9361714,-77.667148,The Local Car Spot Company,ChIJjTCgGs2dyYkR-tRa2_IcT4o.jpg,0.375559159882255,310,116.423339563499,
"Los Lunas , 250 Main Street NE , Los Lunas , NM , 87031",34.8070818,-106.7335652,Champion Xpress Carwash,ChIJY6UaFx0dIocRs3EMU3xsqqM.jpg,0.402164889320874,362,145.583689934156,
"Lowell Road Hudson , 215 Lowell Rd , Hudson , NH , 3051",42.7332558,-71.4259764,Haffner's Gas Station and Car Wash,ChIJFTVDPmGw44kRZpLdhs41K54.jpg,0.35976834339216,,149,149
"MONKEY SHINE , 2518 Bob Bullock Loop , Laredo , TX , 78045",27.6139336,-99.4674955,Monkey Shine,ChIJz0sIYEXfYIYR93KVdw0Cxbw.jpg,0.434007154966795,not found,#VALUE!,
"MURRAY AUTO SPA , 1530 HWY 121 N BYPASS , MURRAY , KY , 42071",36.588976,-88.29729,N/A,N/A,N/A,N/A,#VALUE!,N/A
"Madison , 155 Plaza Blvd , Madison , AL , 35758",34.7099342,-86.7423193,Mach-1 Express Wash Madison,ChIJLW5QcKBlYogR6qB6YkCep0o.jpg,0.402637954437228,,103,103
"Magic City Car Wash , 619 N Broadway , Minot , ND , 58703",48.2427558,-101.2970504,Magic City Car Wash,ChIJd_HomwEr31IR5imVg_jz2t8.jpg,0.326195117060982,,150,150
"Magic Hillsboro , 1455 N High St , Hillsboro , OH , 45133",39.227106,-83.610754,Take 5 Car Wash,ChIJ5VWRzA_VQIgRfgQlMYUQTys.jpg,0.379421405496381,not found,#VALUE!,
"Maricamp , 125 Bahia Ave Ct , Ocala , FL , 34472",29.113887,-82.021699,Caliber Car Wash,ChIJT3KzWbzN54gRDuOc7E7oJT8.jpg,0.427915779626452,278,118.960586736154,
"Marshalltown , 2401 S Center St , Marshalltown , IA , 50158",42.0174381,-92.9132424,Champion Xpress Carwash,ChIJB6H8oRal74cR822l_V5Lz1U.jpg,0.363892393281532,,210,210
"Maumelle - Audubon Dr , 117 Audubon Dr , Maumelle , AR , 72113",34.8516173,-92.4055153,Splash Car Wash,ChIJRQPIzAyf0ocRbaxGYYNgc1A.jpg,0.401947364216642,not found,#VALUE!,
"Moby's Car Wash , 421 E Martintown Rd , North Augusta , SC , 29841",33.4957275,-81.95777,Moby's Car Wash,ChIJJ7rGGG_N-YgR8Fm6iDwaVmM.jpg,0.408458142855831,292,119.269777713903,
"Mojo Xpress Hopkins Center , 141 Hopkins Corner Dr , Waynesboro , GA , 30830",33.1062462,-82.0253351,Mojo's Xpress Wash,ChIJW7A3yZ3p-YgRfGJPf1cunv0.jpg,0.410285563024346,317,130.060523478718,
"Mojo Xpress Wash , 332 South Green St , Swainsboro , GA , 30401",32.5899945,-82.3302568,MoJo's Xpress Wash,ChIJNTVnvm6k8IgROK5fd1nM19E.jpg,0.41267935909113,298,122.978449009157,
"Monster Car wash AZ , 6640 N Viewpoint Dr , Prescott Valley , AZ , 86315",34.6376297,-112.3364188,Monster Car Wash,ChIJDWqDNGElLYcRGh4OzlV1zAw.jpg,0.402989537400306,171,68.9112108954523,
"Monster Wash , 7020 U.S.Highway 181 N , Floresville , TX , 78114",29.2311555,-98.245306,Monster Wash,ChIJBXEiCwHjXIYRFF1Ki-9hcjA.jpg,0.42742733738965,not found,#VALUE!,
"Morrilton - E Harding St , 1803 E Harding St , Morrilton , AR , 72110",35.1704143,-92.719885,Splash Car Wash,ChIJtdttz5N1zYcRxBHetOG3LJs.jpg,0.400383321203725,not found,#VALUE!,
"Mountain Edge , 200 E Commonwealth Dr , Wytheville , VA , 24382",36.9600105,-81.0960388,Mountain Edge Express Wash,ChIJPV2iDk3hUYgRQN6PMj5DQGM.jpg,0.391377404521824,,133,133
"Mountain Express #1 , 226 Old Chimney Rock Rd , Hendersonville , NC , 28792",35.3457861,-82.4322737,Mountain Express Car Wash,ChIJJxsUWcvpWYgRvFDuH8FCIs4.jpg,0.399517981232329,292,116.65925051984,
"Mountain Express #2 , 821 Shepherd St , Hendersonville , NC , 28792",35.2989673,-82.4359153,Mountain Express Car Wash,ChIJ-6d-RebDWYgRWTqE5rscYuY.jpg,0.399749388406572,,110,110
"Mr Clean Blairsville , 262 GA-515 , Blairsville , GA , 30512",34.8794923,-83.9556608,Mr. Clean Car Wash Blairsville,ChIJKfFbqhkXX4gRchrxCWoeMgU.jpg,0.401810763364696,287,115.319689085668,
"Mr Clean Canton , 220 Riverstone Pkwy , Canton , GA , 30114",34.2440227,-84.488294,Mr. Clean Car Wash,ChIJpX4sMK5l9YgRGVZQhegZtp4.jpg,0.404892511603633,,110,110
"Mr Clean Dahlonega , 45 Morrison Moore Pkwy W , Dahlonega , GA , 30533",34.5257347,-83.9789743,Mr. Clean Car Wash,ChIJ7RXAfgZnX4gRBPTEVM5nmJk.jpg,0.403532455564109,not found,#VALUE!,
"Mr Clean DeBary , 215 N Charles Richard Beall Blvd , DeBary , FL , 32713",28.8994251,-81.3049194,Mr. Clean Car Wash,ChIJU7I4NukR54gROb7gaVe9vpo.jpg,0.428805002809538,237,101.626785665861,
"Mr Clean Leesburg , 1396 W N Blvd , Leesburg , FL , 34748",28.8277769,-81.8866092,Mr. Clean Car Wash,ChIJM5WxdpPB54gRasJOd2bJkVM.jpg,0.429100669435633,265,113.711677400443,
"Mr Clean Loganville , 4840 Atlanta Hwy , Loganville , GA , 30052",33.8331639,-83.8811731,Mr. Clean Car Wash Loganville,ChIJvTACMX3H9YgRAhwncMPeQ5k.jpg,0.406858509044124,,119,119
"Mr Clean Orange Park , 890 Blanding Blvd , Orange Park , FL , 32065",30.1418889,-81.7681268,Mr. Clean Car Wash,ChIJ3fsfwX7F5YgRFWbfj6JRZAs.jpg,0.42356991811399,,118,118
"Mr Clean Oxford , 11822 US-301 , Oxford , FL , 34484",28.9285765,-82.0378868,Mr. Clean Car Wash,ChIJEfhySzLF54gRNcz2HENoock.jpg,0.428684501424621,270,115.744815384648,
"Mr Clean Sharpsburg , 18 Bailey Station Dr , Sharpsburg , GA , 30277",33.4081197,-84.6736447,Mr. Clean Car Wash,ChIJy_CN9g_B9IgREdruXgY7uHc.jpg,0.408870366819365,,116,116
"Mr D Car Wash , 525 E Sumner St , Hartford , WI , 53027",43.3168236,-88.3718484,Mr D Car Wash,ChIJNe_JIo1PBIgRo-Sxkaq-wfQ.jpg,0.356364532966381,,99,99
"Mr. B's Car Wash - Sumiton , 878 Hwy 78 , Sumiton , AL , 35148",33.7450899,-87.0469626,Mr. B’s $5 Express Car Wash,ChIJcShYgxP4iIgROmXy1uyUcc0.jpg,0.407276980461331,151,61.498824049661,
"My Wash , 3804 S Western , Marion , IN , 46953",40.523313,-85.6753078,MyWash Car Wash,ChIJOeujSt__FIgR8tVY-lMX0_0.jpg,0.372317468878548,,145,145
"NCGOL_N.Berkeley , 508 N Berkeley Blvd , Goldsboro , NC , 27534",35.3745497,-77.9443943,Zips Car Wash,ChIJs1mnkWQBrIkRmxbIdIEK-xI.jpg,0.399375833049654,219,87.4633074378742,
"NCHOL_GrandHill , 301 Grand Hill Pl , Holly Springs , NC , 27540",35.6656692,-78.8438361,Zips Car Wash,ChIJ68h9mUaTrIkRFPaRbzL9yq0.jpg,0.39792965029455,295,117.389246836892,
"New Shackle Island , 271 New Shackle Island Rd , Hendersonville , TN , 37075",36.3184762,-86.6253516,Champion Car Wash,ChIJYWVcEB9HZIgRNbOkwwhJm-g.jpg,0.394649978420786,232,91.5587949936223,
"North Deland , 104 E International Speedway Blvd , DeLand , FL , 32724",29.0539905,-81.3026516,Scrubbles Express Wash,ChIJVVUF84Uc54gR60vT1uiAcFE.jpg,0.428164912912521,not found,#VALUE!,
"North Port CW , 14164 Tamiami Trail , North Port , FL , 34287",27.043727,-82.2395995,North Port Car Wash,ChIJ56LAs5lUw4gRxDewobfnn-Y.jpg,0.436245299893042,not found,#VALUE!,
"OCTOPUS CAR WASH , 1050 W Beta St , Green Valley , AZ , 85614",31.9024319,-110.9867705,Village Car Wash AZ,ChIJi1FAKQ6E1oYRK4Y-an2W25w.jpg,0.415815468617557,287,119.339039493239,
"Ocala -Silver Springs , 4956 E Silver Springs Blvd , Ocala , FL , 34470",29.2100496,-82.0658882,Caliber Car Wash,ChIJjd_Oq4Mt5ogReuzuRlcP5n0.jpg,0.427514967897502,288,123.124310754481,
"Ocean Express , 9640 Federal Blvd , Federal Heights , CO , 80260",39.8715564,-105.0241903,Ocean Express Car Wash,ChIJAQAAAEx2bIcRHGTYy2bGe3o.jpg,0.375913505579203,,154,154
"Ogeechee , 5909 Ogeechee Rd , Savannah , GA , 31419",31.997541,-81.2525169,LUV Car Wash,ChIJq3oXZb8J-4gRvBufPOkRaYk.jpg,0.415384335537401,,140,140
"Ollie Wash Henderson , 2700 US Hwy. 41 N , Henderson , KY , 42420",37.8755239,-87.5672191,Ollie Wash Henderson,ChIJdwftoTUrcIgRBOVjWqGLCSo.jpg,0.386621972935566,,135,135
"Ollie Wash Owensboro , 3850 Frederica St , Owensboro , KY , 42301",37.7343692,-87.1206966,Ollie Wash,ChIJmQ31PIe7b4gRjVYmkzFfIiw.jpg,0.38736163686093,,134,134
"Orange City , 1310 S Volusia Ave , Orange City , FL , 32763",28.9337218,-81.2984532,LUV Car Wash,ChIJYxVmMmIQ54gRPIUkojp9omQ.jpg,0.428663201693812,224,96.0205571794139,
"Ottumwa , 1941 Venture Dr , Ottumwa , IA , 52501",41.01523,-92.456148,Champion Xpress Carwash,ChIJ0xz6HF8d5ocRFuwIAtm_D_k.jpg,0.369572404600057,268,99.0454044328153,
"Oxford , 1826 US-78 , Oxford , AL , 36203",33.5957609,-85.8750204,Oxford Super Wash,ChIJ4yTmZB23i4gRC89qrA7PMt0.jpg,0.407995923196232,not found,#VALUE!,
"PASTIME AUTO WASH , 2610 OLIVE HIGHWAY , OROVILLE , CA , 95966",39.5053791,-121.5444403,Pastime Auto Wash Express,ChIJdQ_pvS60nIARpmSimbnLT8c.jpg,0.377912560139086,247,93.3444023543542,
"Palatka , 812 FL-19 , Palatka , FL , 32177",29.6401112,-81.6772984,Caliber Car Wash,ChIJXwwmzF1p5ogReUK9Ap2Yc7g.jpg,0.425709233153251,,,
"Palm Coast , 6030 Old Kings Rd S , Palm Coast , FL , 32137",29.4772142,-81.1809069,LUV Car Wash,ChIJOSFDmr7q5ogRAitQR_nSKuI.jpg,0.426395955045427,,,
"Papa Bear Anderson 2 , 1500 Pearman Dairy Rd , Anderson , SC , 29625",34.53198,-82.6963294,Papa Bear Car Wash,ChIJAYc2WHdvWIgRcbLmqajBDvk.jpg,0.40350219370023,,,
"Papa Bear Easley , 5260 Calhoun Memorial Hwy , Easley , SC , 29640",34.8261114,-82.5618856,Papa Bear Car Wash,ChIJizvPJJ5JWIgR4LHmNAies-A.jpg,0.402071544166719,,,
"Paradise 2 , 4350 Austell Rd , Austell , GA , 30106",33.8474699,-84.6095148,Paradise Falls Car Wash Austell,ChIJZ8Jfkqgi9YgRXSCL8Ng80yg.jpg,0.406790662067985,,,
"Pat's NU Star - Winter Haven , 619 Cypress Gardens Blvd , Winter Haven , FL , 33880",28.0044428,-81.7177581,Pat’s Nustar Car Wash,ChIJizM86PUS3YgROwrZjHcpJB0.jpg,0.432450002471859,,,
"Peachy Clean , 1301 US-31 , Clanton , AL , 35045",32.8194376,-86.6104121,Peachy Clean Car Wash,ChIJ5ydsO1fHjogRAHtH1dCAVf8.jpg,0.411619584178136,,,
"Pelican Car Wash , 13020 US-1 , Sebastian , FL , 32958",27.8321463,-80.4806875,Pelican Express Car Wash,ChIJ12CO-rRp3ogRJbOotrTC-rU.jpg,0.433139630751856,,,
"Peppy's Car Wash , 101 W University Pkwy , Jackson , TN , 38305",35.6963252,-88.8329326,Parrot's Car Wash,ChIJVSj_Km-nfogRN3m6FBcVKEs.jpg,0.39777561442497,,,
"Peppy's Car Wash Union City , 1315 Old Troy Rd , Union City , TN , 38261",36.4164336,-89.0730822,Parrot's Car Wash,ChIJbeIGY2dteYgRkWYZLbsyh6o.jpg,0.394153825528343,,,
"Phenix City , 3709 US-431 , Phenix City , AL , 36867",32.497545,-85.0446581,Caliber Car Wash,ChIJAVv429nPjIgRDx4CKJ5EUc0.jpg,0.413105390594658,,,
"Pirates Cove Goldsboro , 110 Mollie Drive , Goldsboro , NC , 27534",35.339245,-77.919017,Pirates Cove Carwash - Goldsboro,ChIJ4XRyUDyrrokRMa6PnXdbEXQ.jpg,0.39955032738841,,,
"Plaistow Road Haverhill , 73 Plaistow Rd , Haverhill , MA , 1830",42.813419,-71.1021821,Haffner's Car Wash,ChIJvb28FqQB44kRM6dQGrNhor8.jpg,0.35930294022606,,,
"Plantation Island , 1430 Plantation Island Dr S , St. Augustine , FL , 32080",29.8652652,-81.2982865,GATE Express Car Wash,ChIJ5aHbmkud5ogRopZUlLfXhcI.jpg,0.424755239938816,,,
"Platinum Auto Spa , 2303 6th Ave SE , Aberdeen , SD , 57401",45.4599517,-98.4546109,Platinum Auto Spa,ChIJi4bbKQlF0lIRnu2xvSykShQ.jpg,0.343549542642139,,,
"Polished Peach Car Wash , 1490 Towne Lake Pkwy , Woodstock , GA , 30189",34.1057206,-84.5433192,N/A,N/A,N/A,,,
"Pooler , 420 Pooler Pkwy , Pooler , GA , 31322",32.1370935,-81.2545339,LUV Car Wash,ChIJM-0Ti6ym-4gRudbCydcZrAY.jpg,0.414752159156138,,,
"Precision Xpress CarWash , 2106 S Main St , Lindale , TX , 75771",32.4883669,-95.3982816,Precision Express Car Wash,ChIJR5wIRp-4SYYRS5vfINwE_yU.jpg,0.4131466530963,,,
"Prestige Car Wash , 10004 Brownsboro Rd , Louisville , KY , 40241",38.3143963,-85.5627054,Prestige Express Car Wash,ChIJ-TKoYyifaYgR-_n8AWPKZ80.jpg,0.384306577364899,,,
"Pueblo , 2323 W Pueblo Blvd , Pueblo , CO , 81004",38.219339,-104.638418,Champion Xpress Carwash,ChIJ10aRbee9E4cRkDJmZuE8S6c.jpg,0.384811173417133,,,
"Pure Car Wash , 330 Anna Dr , McComb , MS , 39648",31.242485,-90.4795296,Pure Car Wash,ChIJ7wyACGC3J4YRI6334u3EUCo.jpg,0.41876925812155,,,
"Quick Jet Car Wash , 1217 Dolly Parton Pkwy , Sevierville , TN , 37862",35.8632117,-83.5282174,Quick Jet Car Wash,ChIJv6TC4W75W4gRKRc96z6VStY.jpg,0.396942816281904,,,
"RACCOON EXPRESS CW , 495 Lafayette Rd , Seabrook , NH , 3874",42.889469,-70.872266,Raccoon Express $5 Car Wash,ChIJS4fYJ1jm4okRdH7f7XyhXds.jpg,0.358860873700752,,,
"RAINDANCER OF GLENVILLE , 172 Freemans Bridge Rd , Schenectady , NY , 12302",42.8466008,-73.9416205,Raindancer Car Wash,ChIJGcIvzYZu3okR3yGRXO1x6Nw.jpg,0.359110183685896,,,
"RED ROCKET CAR WASH #1 , 47 Golfview Dr NE , Arab , AL , 35016",34.3438549,-86.5015317,Bubbles Express Car Wash,ChIJ1fG5tlrniYgRtUoOq8OTJ50.jpg,0.40441098214339,,,
"RED ROCKET CAR WASH #2 , 2110 Redstone Rd SW , Huntsville , AL , 35803",34.6176307,-86.5687864,Bubbles Express Car Wash,ChIJl8WqdhoNYogRd-1irfb2iAE.jpg,0.403085941078868,,,
"RIVERHEAD TOYOTA CAR WASH , 1655 County Rd 58 , Riverhead , NY , 11901",40.9240907,-72.6984365,"Absolute Detailing Concepts, Inc",ChIJ2Xw6-K2K6IkR7ykncmruW04.jpg,0.37008377194719,,,
"ROCK & ROLL CW , 8320 W Judge Perez Dr , Chalmette , LA , 70043",29.9531318,-89.9797697,Rock & Roll Car Wash,ChIJqTKJnz8dnogRpyAMXFdNPyY.jpg,0.424379904041245,,,
"Radiant Apollo Beach , 6576 US Hwy 41 , Apollo Beach , FL , 33572",27.7731377,-82.3902847,Radiant Express Car Wash,ChIJyYGNYfjZwogRRytDrHl_Kdg.jpg,0.433376807017946,,,
"Radiant Auburndale , 2049 US-92 , Auburndale , FL , 33823",28.0573484,-81.8121995,Radiant Express Car Wash,ChIJB7mMPBFr3YgRvdSzF_2COmU.jpg,0.432236380007819,,,
"Radiant Land O' Lakes , 4230 Land O' Lakes Blvd , Land O' Lakes , FL , 34639",28.2424856,-82.4427769,N/A,N/A,N/A,,,
"Radiant Poinciana , 925 Cypress Pkwy , Kissimmee , FL , 34759",28.1481414,-81.4462145,Radiant Express Car Wash,ChIJAUmQIECd3YgRBDvAXWDlDno.jpg,0.431872067886239,,,
"Radiant Spring Hill , 7104 Mariner Blvd , Spring Hill , FL , 34609",28.5308742,-82.5110397,Radiant Express Car Wash,ChIJF6lEZCAf6IgRmu9j-cKk1b8.jpg,0.430318724609739,,,
"Radiant Zephyrhills , 7575 Gall Blvd , Zephyrhills , FL , 33541",28.2677868,-82.1889848,Radiant Express Car Wash,ChIJ-ef3tf9T3YgR86ypvD5vuns.jpg,0.43138733107686,,,
"Rio Rancho North , 507 NM-528 NE , Rio Rancho , NM , 87144",35.2668562,-106.6276302,Champion Xpress Carwash,ChIJnWA-05t3IocRstLHvY1IOAU.jpg,0.399907946816629,,,
"Riptide Dallas , 1001 Dallas Cherryville Hwy , Dallas , NC , 28034",35.3153389,-81.189865,The RipTide Car Wash,ChIJq_X7NvPBVogR6nMIfzMF56k.jpg,0.399668500277481,,,
"Riptide Durham , 3639 Durham-Chapel Hill Blvd , Durham , NC , 27707",35.97045,-78.9507861,The RipTide Car Wash & Detail Center,ChIJi8YRz4rmrIkRocupHvh6tzw.jpg,0.396405047259025,,,
"Riptide Gastonia , 3711 E Franklin Blvd , Gastonia , NC , 28056",35.2572225,-81.1140765,The RipTide Car Wash,ChIJyZRTrdS_VogRA7vgDp732ng.jpg,0.39995549167374,,,
"Riptide Neuse , 13150 Falls of Neuse Rd , Raleigh , NC , 27614",35.9412871,-78.5612498,The RipTide Car Wash,ChIJ1w7GrZBRrIkRrXyHYZbRjsQ.jpg,0.396551428307603,,,
"Riptide Spring Lake , 1101 N Bragg Blvd , Spring Lake , NC , 28390",35.1804403,-78.9818916,The RipTide Car Wash,ChIJ33egedxpq4kR2pytPTAYWe8.jpg,0.400334027829362,,,
"Riverside Ionia , 1370 S State Rd , Ionia , MI , 48846",42.9685416,-85.0698982,Riverside Auto Wash,ChIJ8YzDkQt7GIgRS59jf2Zgrlc.jpg,0.358400433331767,,,
"Riverside Lowell , 1941 W Main St , Lowell , MI , 49331",42.931854,-85.3592788,Riverside Auto Wash,ChIJSaKUw1ZbGIgRjNI0fVT2-v8.jpg,0.358613375750679,,,
"Road Runner Express #2 , 101 Market Center Way , Daleville , VA , 24083",37.4169786,-79.9111846,Road Runner Express,ChIJ23aXNmkbTYgRARlt2l8WKJY.jpg,0.389016200178997,,,
"Road Runner Express , 7816 Timberlake Rd , Lynchburg , VA , 24502",37.351769,-79.2267214,Road Runner Express,ChIJBwzK_ArRsokRV6rY63W-k98.jpg,0.389354662489267,,,
"Roadrunner Express Mukwonago , 811 S Rochester St , Mukwonago , WI , 53149",42.8556672,-88.3274265,Roadrunner Express Car Wash & Oil Change,ChIJe8SjbFS9BYgRZoq4zrFXoIg.jpg,0.359057472685859,,,
"Roadrunner Express New Berlin , 5275 S Moorland Rd , New Berlin , WI , 53151",42.9485381,-88.1097854,Roadrunner Express Car Wash & Oil Change,ChIJlRTf-j0JBYgRRDYeYbtS8rw.jpg,0.358517014530874,,,
"Rocket Wash Foothills , 3985 US-421 , Wilkesboro , NC , 28697",36.1493091,-81.2308643,Rocket Wash Express,ChIJ98jn96MNUYgRL26UKa65PzI.jpg,0.395505032093892,,,
"Rocket Wash Mebane , 211 Fieldale Rd , Mebane , NC , 27302",36.0759804,-79.2749994,Rocket Wash Express,ChIJ24OrzxnXrIkR8xhjU6-EoeI.jpg,0.395874487195539,,,
"Rocket Wash Rome , 694 Braves Blvd NE , Rome , GA , 30161",34.2837964,-85.1672328,Rocket Wash,ChIJbfY2vailiogRJ-KWgQBO1dU.jpg,0.404701083835301,,,
"Rocket Wash Wilkesboro , 1846 US-421 , Wilkesboro , NC , 28697",36.1506819,-81.1992276,Rocket Wash Express,ChIJBdnnVfkNUYgR-0QSz0xPayo.jpg,0.395498109277987,,,
"Rockmart , 1931 Nathan Dean Pkwy , Rockmart , GA , 30153",34.0092289,-85.0306115,Mach-1 Express Wash of Rockmart,ChIJgdX5T9DJiogR6QxYG0sBE1Y.jpg,0.406012033478089,,,
"Rocks Edge , 116 Carmel Dr , King , NC , 27021",36.2624481,-80.365563,Rocks Edge Express Wash,ChIJR2UhibhNUogR5n8PAL369fA.jpg,0.394933728438002,,,
"Rogue Carwash , 819 SE Mill St , Grants Pass , OR , 97526",42.4311527,-123.318906,Rogue Carwash,ChIJBbks4CV7xVQRupywNH4UW7A.jpg,0.361515883411266,,,
"Rolling Thunder , 800 E Main St , Palmyra , PA , 17078",40.312316,-76.585092,Rolling Thunder Express Car Wash,ChIJqYr8702lyIkRI63vdC0bY8M.jpg,0.373486931258599,,,
"Royal Pines , 3454 Royal Pines Dr , Middleburg , FL , 32068",30.1588835,-81.8357776,LUV Car Wash,ChIJ54CoGoTD5YgR8Eb0ZJ7Y5VU.jpg,0.42349857266004,,,
"Royal Splash Car Wash , 21 Cape Rd , Mendon , MA , 1756",42.0997802,-71.5037789,N/A,N/A,N/A,,,
"Rub A Dub , 707 Taugenbaugh Blvd , Rifle , CO , 81650",39.5216905,-107.7771586,"Rub a Dub Car Wash - Rifle, CO",ChIJcwiimTU5QYcR3Ug5-1CoNTM.jpg,0.377823839954246,,,
"Russellville - E Main St , 2610 E Main St , Russellville , AR , 72802",35.2778085,-93.1033689,Splash Car Wash,ChIJk3Hc0f5TzIcRIQHm2lIZBWA.jpg,0.399853927490252,,,
"SIMPLY CLEAN CW (VALLEY CW) , 64 Pershing Dr , Ansonia , CT , 6401",41.3346732,-73.0831786,7 days car wash,ChIJ5QXdbA3f54kRDvrPiR7wD24.jpg,0.367773563175959,,,
"SQUEAKY CLEAN CW 2 , 3931 Cerrillos Rd , Santa Fe , NM , 87507",35.6427019,-106.0134847,Squeaky Clean Car Wash,ChIJ3Y0FekxaGIcRxI83PFTTh4s.jpg,0.398044539492206,,,
"STEESE , 720 Old Steese Hwy , Fairbanks , AK , 99701",64.8515089,-147.6945971,Splash & Dash East,ChIJF45ibkJFMlERvBlCwbApXxs.jpg,0.208148597355052,,,
"SUPER SPRAY , 1581 S Muskogee Ave , Tahlequah , OK , 74464",35.8956029,-94.9762402,Super spray Car Wash II,ChIJ5UHrP_75yYcRe-2o2t-YF1E.jpg,0.396779983454298,,,
"SUPERIOR MERMAID CAR WASH , 1750 NORTH PARK DRIVE , KINGWOOD , TX , 77339",30.0680683,-95.2282134,Superior Mermaid Car Wash & Lube,ChIJa84gP1hNR4YR6CvtLY0oimY.jpg,0.423888099587786,,,
"SUPERIOR TOMBALL CARWASH , 27840 Tomball Pkwy , Tomball , TX , 77375",30.0797196,-95.6287169,Superior Tomball Car Wash,ChIJ3Uwk-4ssR4YR-GA_FNr_7yg.jpg,0.42383818708694,,,
"Salt Lick , 297 Salt Lick Rd , St. Peters , MO , 63376",38.7990011,-90.6550622,Scrubbles Car Wash,ChIJpayG5aXX3ocR50FXMHgMSPg.jpg,0.381725176999083,,,
"San Jose 2 , 9826 San Jose Blvd , Jacksonville , FL , 32257",30.1993973,-81.6204269,LUV Car Wash,ChIJqwW_yHHJ5YgRuMcoKJmIyJc.jpg,0.423324328175519,,,
"Santa Fe , 4410 Rodeo Rd , Santa Fe , NM , 87507",35.638209,-106.0127505,Champion Xpress Carwash,ChIJD0eCG05bGIcRQBYCb6CYqVk.jpg,0.398067597162687,,,
"Saratoga Honda , 3402 US-9 , Saratoga Springs , NY , 12866",43.057525,-73.7870143,Saratoga Honda Car Wash,ChIJV1G5p9453okR2s9Ezo2R03o.jpg,0.357881331854661,,,
"Scarborough Car Wash , 1448 FM 66 , Waxahachie , TX , 75165",32.3740716,-96.8662375,Scarborough Car Wash,ChIJ_5G--CPvToYR9TOhV8DgQeM.jpg,0.413670641452651,,,
"Seaway Car Wash North , 142 Heineberg Drive , Colchester , VT , 5446",44.53489,-73.249658,Seaway Car Wash,ChIJ_xGn3cZvykwRR6qxCx6EPrA.jpg,0.349141034374304,,,
"Seaway Car Wash South #2 , 1341 Shelburne Rd , South Burlington , VT , 5403",44.4322445,-73.2115366,Seaway Carwash and Detail Center,ChIJh8USR4t7ykwR_-rTx5Dt0r0.jpg,0.34975588712638,,,
"Seaway Car Wash South , 1341 Shelburne Rd , South Burlington , VT , 5403",44.4322445,-73.2115366,Seaway Carwash and Detail Center,ChIJh8USR4t7ykwR_-rTx5Dt0r0.jpg,0.34975588712638,,,
"Senatobia , 328 E Main St , Senatobia , MS , 38668",34.6197427,-89.9562586,Century Express Carwash,ChIJK2W0QRP5f4gRRTeu1IhO2QM.jpg,0.40307642896716,,,
"Sherwood - E Kiehl Ave , 3610 E Kiehl Ave , Sherwood , AR , 72120",34.8316898,-92.1924256,Splash Car Wash,ChIJC64A39S_0ocR9oJcWewYcxE.jpg,0.402044693186562,,,
"Shortman Car Wash , 1001 N Main St , Miami , OK , 74354",36.8867079,-94.8779151,Let’s Go Car Wash,ChIJ7zhww4wXyIcRX8uPAuW8gE8.jpg,0.391753853944918,,,
"Silver City , 1870 US-180 , Silver City , NM , 88061",32.7861869,-108.2554652,Champion Xpress Carwash,ChIJP295qN_H2IYRPrYvEYb07As.jpg,0.411773646071908,,,
"Smitty's Car Wash Fredericksburg , 513 S Adams St , Fredericksburg , TX , 78624",30.2686406,-98.8775051,Smitty's Car Wash,ChIJ_bQmj23BW4YRT5iXVZEUkos.jpg,0.423026431927692,,,
"Smitty's Car Wash Greenville , 6112 Wesley St , Greenville , TX , 75402",33.1078395,-96.1100705,Smitty's Car Wash,ChIJ_5AhlLnnS4YRw-zMrcoS-00.jpg,0.410278173856636,,,
"Smitty's Car Wash Kerrville , 301 Sidney Baker St , Kerrville , TX , 78028",30.0424562,-99.1448947,Smitty’s Car Wash,ChIJk6M5-DXjW4YR9Ub7S93dqmE.jpg,0.42399778949088,,,
"Smitty's Car Wash Lindale , 13776 US Hwy 69 N , Tyler , TX , 75706",32.4668192,-95.3857957,Smitty's Car Wash,ChIJmdh_phbHSYYRNHJE4pEiCWQ.jpg,0.413245562804583,,,
"Smitty's Car Wash Lufkin , 1808 S First St , Lufkin , TX , 75901",31.3147004,-94.7281932,Smitty's Car Wash,ChIJx_Mc4FwXOIYRFZmceYBjIn0.jpg,0.418448724769907,,,
"Smitty's Car Wash Marshall , 1500 E End Blvd N , Marshall , TX , 75672",32.5568335,-94.3493365,Smitty's Car Wash,ChIJ9Y4hcpj1NoYR67lPPdJuHWg.jpg,0.412831979508154,,,
"Smitty's Car Wash Princeton , 400 E Princeton Dr , Princeton , TX , 75407",33.1746057,-96.4854304,N/A,N/A,N/A,,,
"Snap Clean , 110 N Elm Street , Ennis , TX , 75119",32.3327117,-96.619208,Snap Clean Car Wash,ChIJf7QEVuLaToYRyJIRlI91UQ8.jpg,0.413859850962604,,,
"Soak City Car Wash , 116 Jane St , Berea , KY , 40403",37.56632,-84.3109343,Soak City Car Wash,ChIJYylTyNXhQogR_TqfSgS6_Fs.jpg,0.38823916447925,,,
"Soapy J's , 626 Norh 12 Street , Middlesboro , KY , 40965",36.6144347,-83.7027468,Soapy J's Express Car Wash,ChIJ4Q1tcMmEXIgRHPsSfOGEqUc.jpg,0.39314654111075,,,
"Soapy Nobles 219 S Westfield St Ag , 219 S Westfield St , Agawam , MA , 1030",42.0599321,-72.6756952,Soapy Noble,ChIJQXTeVrLj5okRF_39Lpli0Zg.jpg,0.363649402956325,,,
"Soapy Nobles 76 N Rd East Windsor CT , 76 N Rd , East Windsor , CT , 6088",41.9319611,-72.5918196,Soapy Noble,ChIJN9EPwWT75okRfuVH2SnFSzw.jpg,0.364379727767785,,,
"Soapy Sam's , 15046 IN-23 , Granger , IN , 46530",41.7324112,-86.15926,Soapy Sam's Car Wash,ChIJ4dG1vJ7RFogRo3zflVBVRqM.jpg,0.365518833698924,,,
"Soggy Dog CW , 714 Ritter Dr , Glen Morgan , WV , 25813",37.7497066,-81.1410774,Soggy Dog Car Wash,ChIJe6ZrXZWMTogRO02u8f1Pk2Y.jpg,0.387281381209916,,,
"Sonic Suds Simpsonville , 703 SE Main St , Simpsonville , SC , 29681",34.7219085,-82.252667,Sonic Suds Express Car Wash,ChIJ74xdZrYnWIgRXFZWv4I5jYQ.jpg,0.40257959902698,,,
"South Deland , 1810 S Woodland Blvd , DeLand , FL , 32720",28.9965731,-81.3032381,LUV Car Wash,ChIJzcjGi_0a54gRGL7-sSswdHQ.jpg,0.428403338374677,,,
"Southaven , 1101 Church Rd W , Southaven , MS , 38671",34.9330158,-90.0089691,Century Express Carwash - Southaven,ChIJp0uzp59h1YcRxjZXR6c53jM.jpg,0.401548291549368,,,
"Spectacular 1830 , 1830 E. Hwy 80 , Somerset , KY , 42503",37.1011409,-84.5898025,Spectacular Carwash,ChIJsxNLWhA1XYgRXY22BUMDAiM.jpg,0.390650884362391,,,
"Spectacular 1990 , 1990 Oak Hill Road , Somerset , KY , 42503",37.0579482,-84.6462024,Spectacular Carwash,ChIJB9Jxo0RJXYgRO21GSLd-Qh8.jpg,0.390873389616866,,,
"Spectacular 954 , 954 US-27 , Somerset , KY , 42501",36.9524362,-84.5786258,N/A,N/A,N/A,,,
"Speedy Pete's Car Wash , 1205 Maxwell Blvd , Ruston , LA , 71270",32.541285,-92.633638,Speedy Pete's Car Wash,ChIJjwYR3ejFMYYR4C4lADxphnc.jpg,0.412903692443446,,,
"Splash Brothers Wolfforth , 716 Donald Preston Dr , Wolfforth , TX , 79382",33.52042,-102.0038528,Splash Bros Xpress Car Wash,ChIJdTGBH8F1_oYRPvq5XVyvm-A.jpg,0.4083409994842,,,
"Splash Hopper Express , 863 Western Bypass , Andalusia , AL , 36420",31.2980899,-86.499031,Splash Hopper Express Wash,ChIJF_yrcvjrkYgRTjRcPwyLbds.jpg,0.418522517761481,,,
"Splash N Foam , 705 Fannin St , George West , TX , 78022",28.3306261,-98.1165219,Splash 'N' Foam Car Wash,ChIJnb0V-RbzZ4YRLnBW-mafiSo.jpg,0.431133727571591,,,
"Suds Bucket Wash , 615 landmark Point Blvd. Suite B , Gray , GA , 31032",32.9897907,-83.5691835,Suds Bucket Car Wash,ChIJEXGmCTup9ogR46qyFNJ1d50.jpg,0.410828469350973,,,
"Suds Deluxe Kyle , 18810 IH 35 , Kyle , TX , 78640",30.0342462,-97.847338,Suds Deluxe Car Wash,ChIJrS7plgtTW4YRFbz77WmAR2U.jpg,0.42403288931727,,,
"Sudzy's Car Wash , 2624 Anderson Hwy , Powhatan , VA , 23139",37.5243866,-77.8264842,Flagstop Car Wash,ChIJK7FGYQBlsYkRcY12V68GpEA.jpg,0.388460420531963,,,
"Summerville , 10805 Commerce St , Summerville , GA , 30747",34.4900693,-85.3417458,LUV Car Wash,ChIJPcvLIM0hYIgRZZ_T0eM92D4.jpg,0.403704740400034,,,
"Sun Splash , 914 N Stratford Rd , Moses Lake , WA , 98837",47.1408544,-119.2794176,Sun Splash Car Wash,ChIJLWY3JjZHmVQRHXr62lfYYPE.jpg,0.333161236645789,,,
"Sunny Daze Car Wash , 609 N Mayo Trl , Paintsville , KY , 41240",37.8254161,-82.8228864,SunnyDaze Car Wash,ChIJIX1KlXWrRYgRQ20J_Yi9fIM.jpg,0.386884811407095,,,
"Super Duck Hazel Green , 14533 US-231 , Hazel Green , AL , 35750",34.9431964,-86.5724199,Super Duck Car Wash,ChIJA46FMGE5YogRrHoHqXemEFA.jpg,0.401499094355755,,,
"THOMAS CAR WASH , 218 Blueberry Ln , Nicholasville , KY , 40356",37.891331,-84.56775,Thomas Car Wash,ChIJ-0mHv6tfQogRmLwr0x4T4Bo.jpg,0.386538996057237,,,
"TLC Car Wash 2 , 1001 W Main St , Salem , VA , 24153",37.2907386,-80.0740891,"T.c. Squared, Inc.",ChIJLare2D0KTYgRwpRb0KckNOY.jpg,0.389670971119744,,,
"TXGRA_Hwy377 , 3601 E US Hwy 377 , Granbury , TX , 76049",32.4530938,-97.7328629,Zips Car Wash,ChIJWeX7L7chToYRRV308z2ulFo.jpg,0.413308602818361,,,
"TXNEW_Walton , 23685 Walton Ave , New Caney , TX , 77357",30.1529637,-95.2186963,Zips Car Wash,ChIJF4dgAIxRR4YRUa3a2xEVqOw.jpg,0.423524018529809,,,
"Taos , 1122 Paseo Del Pueblo Sur , Taos , NM , 87571",36.3816146,-105.5891681,Champion Xpress Carwash,ChIJi50qz9NlF4cRMnudB6ezhA4.jpg,0.394331271050889,,,
"The Auto Spa @ Main Street , 2002 W Main St , Durant , OK , 74701",33.9970998,-96.3999484,Main Street Auto Spa,ChIJ40ULYPpfS4YRVcvgKdhlsrs.jpg,0.406076563367397,,,
"The Auto Spa @ University , 3212 University Blvd , Durant , OK , 74701",34.0053117,-96.4094184,The Auto Spa- University Park,ChIJb2OVk_VfS4YR2IWlXrG2ocw.jpg,0.406040443805714,,,
"The Washery , 127 Airport Rd , Hazleton , PA , 18202",40.9914564,-75.986629,All Seasons Auto Wash,ChIJV4LYmHykxYkRHtojlxwnkrU.jpg,0.369704851166609,,,
"Thoroughbred Ashland , 621 12th St , Ashland , KY , 41101",38.4776961,-82.6469666,Thoroughbred Express Auto Wash,ChIJ53LtO3N1RogR2T3jRm0UtG8.jpg,0.383440231103055,,,
"Thoroughbred Bardstown , 1332 E John Rowan Blvd , Bardstown , KY , 40004",37.825322,-85.4535733,Thoroughbred Express Auto Wash,ChIJ8RajsCZTaIgR1ITHVcG20ds.jpg,0.386885304726599,,,
"Thoroughbred Bedford , 3160 John A Williams Blvd , Bedford , IN , 47421",38.86775,-86.512944,Thoroughbred Express Auto Wash,ChIJQXYmmpIVbIgRHiqxFutjZbY.jpg,0.381356649864112,,,
"Thoroughbred Crosslanes , 211 New Goff Mountain Rd , Charleston , WV , 25313",38.4112508,-81.7966494,Thoroughbred Express Auto Wash,ChIJP5HFGFzLSIgRtSxK78Ko5Ik.jpg,0.383793399405047,,,
"Thoroughbred Danville , 925 Hustonville Rd , Danville , KY , 40422",37.6289123,-84.7752492,Thoroughbred Express Auto Wash,ChIJD7nSBLabQogRU0DCaZ_Z4jU.jpg,0.387912706829519,,,
"Thoroughbred Glasgow , 707 W Main St , Glasgow , KY , 42141",36.9997286,-85.9211718,Thoroughbred Express Auto Wash,ChIJ0Z_8S9s9ZogREUYg8ypmWkQ.jpg,0.391173160409471,,,
"Thoroughbred Hurricane , 3111 Teays Valley Road , Hurricane , WV , 25526",38.4348488,-82.0135892,Thoroughbred Express Auto Wash,ChIJU13OeiezSIgRKZ_vZ0k6ukM.jpg,0.383668030334282,,,
"Thoroughbred Lawrenceburg , 1026 Bypass N , Lawrenceburg , KY , 40342",38.036633,-84.9116039,Thoroughbred Express Auto Wash,ChIJOZkl44p3QogR0t05NVzs47c.jpg,0.385774878742222,,,
"Thoroughbred Maysville , 245 Wal-Mart Way , Maysville , KY , 41056",38.6235771,-83.7871551,Thoroughbred Express Auto Wash,ChIJF4vH6I9bQYgR-C14QbYg1nw.jpg,0.382663042322528,,,
"Thoroughbred Russellville , 235 Sam Walton Dr , Russellville , KY , 42276",36.8440025,-86.9194453,Thoroughbred Express Auto Wash,ChIJHzVmuBILZYgRkbinhc5Z5bo.jpg,0.391972874247414,,,
"Thoroughbred Seymour , 1550 E Tipton St , Seymour , IN , 47274",38.9578933,-85.8645389,Thoroughbred Express Auto Wash,ChIJgYA4SN--a4gR9wIVr5j_ZoU.jpg,0.380872606609454,,,
"Thoroughbred South Point , 45 Co Rd 120 , South Point , OH , 45680",38.4686596,-82.5510469,N/A,N/A,N/A,,,
"Thoroughbred Teays , 3972 Teays Valley Road , Hurricane , WV , 25526",38.4485111,-81.9427941,Thoroughbred Express Auto Wash,ChIJl1p78Va1SIgR4O-nyQoE3NE.jpg,0.383595417513008,,,
"Touch & Go CW , 847 Brookway Blvd , Brookhaven , MS , 39601",31.5783449,-90.4635139,Touch & Go Car Wash,ChIJ2wE-JFzXJ4YRVRv2c7Qyfv4.jpg,0.417273480882182,,,
"Town Center Auto Wash , 6380 Sashabaw Rd , Clarkston , MI , 48346",42.7322891,-83.3787575,Planet Oil Change & Car Wash Centers of Clarkston,ChIJQXST9N-WJIgRpMnjJxU2nr4.jpg,0.359774007415918,,,
"Trident Express Carwash , 6530 GA-40 , St. Marys , GA , 31558",30.7766023,-81.6209952,Trident Express Carwash,ChIJldG4ewcF5YgRdRE__p_ImjY.jpg,0.420821040738418,,,
"TruShine #2 Abingdon , 25017 Western Loop , Abingdon , VA , 24211",36.7140617,-81.9306869,TruShine Car Wash II,ChIJqYCq3T0VUIgRfXQMVtvv0n0.jpg,0.392637953032112,,,
"TruShine #3 Johnson City(Boones Creek) , 3033 Boones Creek Rd , Johnson City , TN , 37615",36.3855997,-82.4165509,TruShine Car Wash III,ChIJBWwqu4mJWogRQQDp8CiVcSE.jpg,0.394310115108874,,,
"TruShine Bristol , 203 Linden Square Dr , Bristol , VA , 24202",36.6289697,-82.1294425,TruShine Car Wash,ChIJhzXLfuB1UIgRpu2i3GESPuI.jpg,0.393072130671255,,,
"Trushine #4 Kingsport , 2227 Fort Henry Dr , Kingsport , TN , 37664",36.5267711,-82.5206191,TruShine Car Wash IV,ChIJ86X-uOyNWogRpLIYVYJNCZo.jpg,0.393593012532881,,,
"Trushine #5 Sevierville , 116 Allensville Rd , Sevierville , TN , 37876",35.8772279,-83.5701602,TruShine Car Wash V,ChIJlaw8J6L5W4gRIuZRX3e4F54.jpg,0.396872608052495,,,
"Trushine #6 Blountville , 1912 TN-394 , Blountville , TN , 37617",36.5238753,-82.318723,TruShine Car Wash VI,ChIJDXvpdDGFWogRruipKo1fET0.jpg,0.393607746228518,,,
"Tsunami La Porte , 821 Pine Lake Ave , La Porte , IN , 46350",41.6282905,-86.7373076,Tsunami Express Car Wash – La Porte,ChIJVzx6bb4TEYgRKoxer_0xrtI.jpg,0.366110980374249,,,
"Tsunami Oak Creek , 140 W Puetz Rd , Oak Creek , WI , 53154",42.8871274,-87.9138393,Tsunami Express Car Wash - Oak Creek,ChIJ7T1oiC8VBYgRs1Ddj8BnXsU.jpg,0.358874497008156,,,
"Tsunami Portage , 3105 Willowcreek Rd , Portage , IN , 46368",41.562444,-87.182288,Tsunami Express Car Wash – Portage,ChIJ5aC1V1aVEYgRIcIar8PKwd0.jpg,0.366484668402061,,,
"Twins Merritt Island , 2240 N Courtenay Pkwy , Merritt Island , FL , 32953",28.39651,-80.704089,Twins Car Wash - Merritt Island,ChIJdzzlHOup4IgR8uDIjEJ3wCU.jpg,0.430866163150523,,,
"ULTIMATE CAR WASH , 1431 Cradduck Rd , Ada , OK , 74820",34.7600894,-96.662661,Jetts Car Wash,ChIJOXOCyldps4cRwk0hdkiVlfw.jpg,0.402396644688413,,,
"UNIVERSITY , 201 University Ave , Fairbanks , AK , 99709",64.8379411,-147.8114342,Splash & Dash Car Wash Express WEST,ChIJAeGmxsxEMlERo5rLaRUH-6Q.jpg,0.208253177688995,,,
"US Car Wash , 845 N Adair St , Cornelius , OR , 97113",45.5203946,-123.061652,US Market Car Wash,ChIJw-dIfAoblVQRR1N5Ihpe6oI.jpg,0.343181204112835,,,
"Universe , 9640 Universe Blvd NW , Albuquerque , NM , 87114",35.191141,-106.7261412,Champion Xpress Carwash,ChIJf5gawKdvIocRUDGqAB8Excw.jpg,0.400281267225327,,,
"V EXPRESS CAR WASH , 479 Lexington Rd , Versailles , KY , 40383",38.051423,-84.7161646,V-Express Car Wash,ChIJW4UxWhNvQogR0jvpiIrc-PA.jpg,0.385696961564048,,,
"Varsity Carwash  Duff , 1016 S Duff Ave , Ames , IA , 50010",42.0130274,-93.6099251,Varsity Carwash,ChIJK8tY3vB77ocR-KpoUBy-vuw.jpg,0.363917894368129,,,
"Varsity Carwash Lincoln , 3705 Lincoln Way , Ames , IA , 50014",42.0232629,-93.6692765,Varsity Carwash,ChIJAxi36px37ocRWM2MnnhYxHc.jpg,0.36385932521939,,,
"Velocity Car Wash , 1607 W Highway 40 , Vernal , UT , 84078",40.4439821,-109.5581948,Velocity Car Wash,ChIJwxeNMlljRYcRsnKd3RP3lUE.jpg,0.372757413512399,,,
"Virginia Car Wash Co. , 4830 Portsmouth Blvd , Chesapeake , VA , 23321",36.8173419,-76.442266,Virginia Car Wash Co.,ChIJn80v2YWhuokRkzJR-iDSNKU.jpg,0.39210949626767,,,
"Vortex Car Wash , 150 Jonathans Way , Suffolk , VA , 23434",36.7683141,-76.5833526,Vortex Express Car Wash,ChIJm-wHtDkPsIkRwwKjS0sjlpo.jpg,0.39236051717706,,,
"WASHPOINTE AUTO WASH , 1401 N Prince St , Clovis , NM , 88101",34.4124715,-103.1961625,Washpointe Auto Wash,ChIJ2SKbOQveAocRMH0CthvV8Ic.jpg,0.404080444870678,,,
"WASHWORKS EXPRESS , 601 E King Ave , Kingsville , TX , 78363",27.5153746,-97.8615692,WashWorks Kingsville,ChIJ39ycF6goZoYRxW4sGNCGuso.jpg,0.434397305766186,,,
"WATER GAP CAR WASH , 31 Justice Dr , Hazard , KY , 41701",37.296668,-83.2145406,Watergap Car Wash,ChIJw14lSbbHRIgR3Xq731TEfOE.jpg,0.389640264259868,,,
"WOW Car Wash , 911 N Broad St , Monroe , GA , 30655",33.8119758,-83.727067,WOW Express Carwash,ChIJ19cOUXnQ9YgR3RsQ9x9rLXM.jpg,0.406959329659235,,,
"WOW Car Wash Winder , 242 N Broad St , Winder , GA , 30680",34.0008593,-83.710324,WOW Express Carwash,ChIJ0YGGww7n9YgR80FqtjOdYuc.jpg,0.406058592190266,,,
"Warrior Way , 540 Warrior Way , Grand Junction , CO , 81504",39.0836225,-108.4724937,Champion Xpress Carwash,ChIJZQGOPawfR4cRKQMC2Lm0mV4.jpg,0.380196473971039,,,
"Wash 37055 , 118 Henslee Dr , Dickson , TN , 37055",36.0741589,-87.3697417,Wash 37055,ChIJVXu3HB67ZIgRGdjpSlgfwcs.jpg,0.39588365628524,,,
"Wash 37062 , 2075 Fairview Blvd , Fairview , TN , 37062",35.9812455,-87.1222212,Wash 37062,ChIJmUo1ABCbZIgRw3Ma2s0xrSs.jpg,0.396350833988061,,,
"Wash Ashore Plymouth , 2304 State Rd , Plymouth , MA , 2360",41.8177664,-70.5506402,Wash Ashore Car Wash,ChIJI3zW94S35IkRU5ZaP0cL9xM.jpg,0.365032982448763,,,
"Wash City Semoran , 4575 S Semoran Blvd , Orlando , FL , 32822",28.4972739,-81.3091358,Wash City Car Wash Semoran,ChIJ5TITiPtl54gR0IWA9HRmDT0.jpg,0.430455843952823,,,
"Wash It Dean , 750 Cincinnati Ave , Xenia , OH , 45385",39.6758187,-83.940666,Wash It Dean,ChIJ5bF4tw2YQIgR7j5ttZgc5kc.jpg,0.376984002535321,,,
"Wash N Roll Athens , 24925 US-72 , Athens , AL , 35613",34.7668122,-86.882772,"Wash N' Roll Car Wash - Athens, AL",ChIJNQqGjIdhYogR5CY4FByH7sc.jpg,0.402360828340038,,,
"Wash Rack 95 , 1100 N Whitley Dr , Fruitland , ID , 83619",44.0217094,-116.9227294,Wash Rack 95,ChIJAa8QJUqPr1QRlRuTYwrl59M.jpg,0.352203774496915,,,
"Wash Rite Bridgeport , 910 W Main St , Bridgeport , WV , 26330",39.2821198,-80.2685024,Wash-Rite Unlimited Car Wash,ChIJC12Y5JBnSogRoIdeENx6pXM.jpg,0.379123819724197,,,
"Wash Rite Marietta , 107 Crooked Run Ln , Marietta , OH , 45750",39.405323,-81.4130599,Wash-Rite Unlimited Car Wash,ChIJrTgPPvbJSYgRetU2po47Oaw.jpg,0.378456110032198,,,
"Wash Rite Moundsville , 75 Teletech Dr , Moundsville , WV , 26041",39.9096979,-80.749338,Wash-Rite Unlimited Car Wash,ChIJCTaVLhPhNYgRTT6suI1i9wQ.jpg,0.375704397125885,,,
"Wash Rite Murdoch , 2521 Murdoch Ave , Parkersburg , WV , 26101",39.2833465,-81.5481209,Wash-Rite Unlimited Express Wash,ChIJ331KaDhLSIgRtebr3oaiaTA.jpg,0.379117180159494,,,
"Wash Rite Parkersburg , 1101 Division Street , Parkersburg , WV , 26101",39.2475641,-81.5545078,Wash-Rite Unlimited Express Wash,ChIJXZTMvP5NSIgR7Jg7atv0BQg.jpg,0.379310782475,,,
"Wash Rite Vienna , 2504 Grand Central Ave , Vienna , WV , 26105",39.3230459,-81.5506606,Wash-Rite Unlimited Express Wash,ChIJfXnlNIJLSIgRz4tsIUY_mP0.jpg,0.378902211707969,,,
"Wash Rite Wintersville , 151 Cadiz Rd , Wintersville , OH , 43953",40.3759682,-80.7058034,Wash-Rite Express Carwash,ChIJm2gf03QvNIgRcRV3MnpFjZQ.jpg,0.373134668261615,,,
"Wash Up Griffith , 1224 E Ridge Rd , Griffith , IN , 46319",41.5499525,-87.4137288,Luke,ChIJHXzmrKPnEYgR-r0xrhFzrTc.jpg,0.366554989948762,,,
"Wash Up Hammond , 850 Indianapolis Blvd , Hammond , IN , 46320",41.6960611,-87.5199543,Luke Gas Station Car Wash,ChIJkcEMK17YEYgR7PXSEwSM5DI.jpg,0.365721850999029,,,
"Wash Up Portage , 6259 Melton Rd , Portage , IN , 46368",41.598234,-87.173255,Luke,ChIJfzyLXFC-EYgR14YxlpYUkDA.jpg,0.366283045410121,,,
"Wash Up Valparaiso , 460 Morthland Dr , Valparaiso , IN , 46383",41.4603284,-87.066715,Wash UP,ChIJj8hqlXaaEYgRTUJjyiZ_J74.jpg,0.367063231048959,,,
"Wash Wizard Ladson , 3910 Ladson Rd , Ladson , SC , 29456",32.9735991,-80.1400726,Wash Wizard Car Wash Ladson Road,ChIJz8m43RuL_ogRTA0IRCPr2fc.jpg,0.410903818968157,,,
"Wash Wizard Summerville , 2146 N Main St , Summerville , SC , 29486",33.0469893,-80.1104749,Wash Wizard Car Wash - North Main,ChIJz3QBiUD1_ogRjwtboRz89aU.jpg,0.410562025949138,,,
"Washbox Car Wash , 180 W Grand Ave , Rainbow City , AL , 35906",33.9570503,-86.0446243,Washbox Car Wash,ChIJkfTF9JQ7iogRlhvS9n5N_W8.jpg,0.406267899618269,,,
"Waters Deland , 1712 N Woodland Blvd , DeLand , FL , 32720",29.0626284,-81.3052357,Waters Car Wash,ChIJm3CaqGcd54gREM07qtA-akg.jpg,0.428129018336855,,,
"Waters Lakeland , 3635 Lakeland Highlands Rd , Lakeland , FL , 33803",27.998366,-81.9243682,Waters Car Wash,ChIJh1ltsXk_3YgREYI0bn6Z2iU.jpg,0.432474391837574,,,
"Waterworks Express Car Wash , 1557 Marinette Ave , Marinette , WI , 54143",45.0896038,-87.6503233,Waterworks Car Wash,ChIJddfWdfuvUk0RR1_koCw-3q4.jpg,0.345798687272235,,,
"Weber W&L , 701 Old State Rte 3 , Columbia , IL , 62236",38.4384418,-90.2028235,Wash 'N Go Car Wash,ChIJw6PHlbG72IcRPIUu88mkftA.jpg,0.383657919643381,,,
"West Little Rock - Chenal Pkwy , 15701 Chenal Pkwy , Little Rock , AR , 72211",34.7558249,-92.4441288,Splash Car Wash,ChIJZ_xZwG2h0ocRFed-d97q2_E.jpg,0.402416456357437,,,
"West Memphis , 646 W Service Rd , West Memphis , AR , 72301",35.1678659,-90.1980163,Century Express Carwash,ChIJh3kOePN31YcRm52BEiSOFeM.jpg,0.400395679812738,,,
"Wet Rabbit Marysville , 1219 State Ave , Marysville , WA , 98270",48.0619435,-122.177485,Wet Rabbit Express Car Wash,ChIJuU7Z3XdThVQRjpx4CuWWr_4.jpg,0.327346539007237,,,
"WetnJet Car Wash , 516 Friendship Ln , Fredericksburg , TX , 78624",30.2563533,-98.8707888,Wet N Jet Fredericksburg,ChIJrbERKkTAW4YRbRNIwrDmQnY.jpg,0.423078480566387,,,
"Whistle Express CW - Fredericksburg , 10813 Tidewater Trail , Fredericksburg , VA , 22408",38.254834,-77.4274131,Whistle Express Car Wash,ChIJJerQ5oLDtokR8q0ZTrEob7U.jpg,0.384622739730132,,,
"Whistle Express Car Wash - Alachua , 16093 NW 163rd Lane , Alachua , FL , 32615",29.8029356,-82.5181488,Whistle Express Car Wash,ChIJ5RPOZZq36IgRhupOZF3wUnc.jpg,0.425019148234941,,,
"Whistle Express Car Wash - Baxley , 956 W Parker St , Baxley , GA , 31513",31.783646,-82.3637095,Whistle Express Car Wash,ChIJ800Ehwdz8IgRbx8AXhUHPoE.jpg,0.416351194079465,,,
"Whistle Express Car Wash - Beaufort , 285 Sea Island Pkwy , Beaufort , SC , 29907",32.405966,-80.633475,Whistle Express Car Wash,ChIJtW3JyuEN_IgRkntwjfAeUj0.jpg,0.413524586639828,,,
"Whistle Express Car Wash - Blue Ridge , 32 McKinney Rd , Blue Ridge , GA , 30513",34.8808661,-84.2944237,Whistle Express Car Wash,ChIJH45W-uWnX4gRQzPcz1bJGyE.jpg,0.40180404735844,,,
"Whistle Express Car Wash - Charleston , 4865 Tanger Outlet Blvd , North Charleston , SC , 29418",32.8714992,-80.0153296,Whistle Express Car Wash,ChIJPXH_4LJj_ogR--4_PYvZvZ0.jpg,0.411378197396687,,,
"Whistle Express Car Wash - Fairlawn , 7426 Lee Hwy , Radford , VA , 24141",37.1433324,-80.5818851,Whistle Express Car Wash,ChIJswYUBuPvTYgRN3so0m3KcxY.jpg,0.390433142096582,,,
"Whistle Express Car Wash - Forest , 14669 Forest Road , Forest , VA , 24551",37.3676292,-79.2988227,Whistle Express Car Wash,ChIJF5odiBTTsokRK08Yt3zX5yY.jpg,0.389272720032185,,,
"Whistle Express Car Wash - Harriman , 1821 Roane State Hwy , Harriman , TN , 37748",35.8910308,-84.546574,Whistle Express Car Wash,ChIJj3N3UDvcXYgR4rtWhUtC3EI.jpg,0.396803445048499,,,
"Whistle Express Car Wash - Hazelhurst , 184 E Jarman St , Hazlehurst , GA , 31539",31.8657271,-82.5889875,N/A,N/A,N/A,,,
"Whistle Express Car Wash - Jasper , 705 Noah Dr , Jasper , GA , 30143",34.4688379,-84.4590794,Whistle Express Car Wash,ChIJrbc0ZBaJX4gRONe7_MbSIL0.jpg,0.403807930551724,,,
"Whistle Express Car Wash - Leland , 2040 Olde Regent Way , Leland , NC , 28451",34.2193962,-78.0165048,Whistle Express Car Wash,ChIJlcVBXtIeqokRvG1eQVxnjL4.jpg,0.405010939262192,,,
"Whistle Express Car Wash - Live Oak , 1114 Ohio Ave N , Live Oak , FL , 32064",30.3067062,-82.9778241,Whistle Express Car Wash,ChIJ2fzpJI7f7ogR1yu83F9Lpis.jpg,0.422862314787455,,,
"Whistle Express Car Wash - Louisburg , 602 S Bickett Blvd , Louisburg , NC , 27549",36.084169,-78.310355,Whistle Express Car Wash,ChIJYZrSXVi1rYkRGqsZrxYmLmc.jpg,0.395833262375275,,,
"Whistle Express Car Wash - Macedonia , 309 Highland Rd , Macedonia , OH , 44056",41.300026,-81.514408,Whistle Express Car Wash,ChIJAzJSRk4fMYgRyMjQgr2TAlM.jpg,0.367969113737733,,,
"Whistle Express Car Wash - Mayport , 1500 Mayport Rd , Atlantic Beach , FL , 32233",30.3357223,-81.415354,Whistle Express Car Wash,ChIJCYq0KhlJ5IgR7WxXGTiPYP8.jpg,0.422737088559855,,,
"Whistle Express Car Wash - Melbourne , 4860 N Wickham Rd , Melbourne , FL , 32940",28.1879225,-80.6727404,Whistle Express Car Wash,ChIJ5W324MQF3ogRPtPlXEiQzY8.jpg,0.431711313261874,,,
"Whistle Express Car Wash - Mount Airy , 139 Kodiak Ln , Mount Airy , NC , 27030",36.4877738,-80.6157567,Whistle Express Car Wash,ChIJ9WxMfjg7UogRZh-sLNHT7mc.jpg,0.393791344567263,,,
"Whistle Express Car Wash - Murphy , 251 King St , Murphy , NC , 28906",35.0798938,-84.033852,Whistle Express Car Wash,ChIJ6SrWAzfjXogRigCR4ZniV8M.jpg,0.400828634690869,,,
"Whistle Express Car Wash - Orange Park , 950 Park Ave , Orange Park , FL , 32073",30.178049,-81.7020568,Whistle Express Car Wash,ChIJ8zDtmUvH5YgRgWlccJFPZ48.jpg,0.423416260109881,,,
"Whistle Express Car Wash - Pole Green , 7423 Pole Green Rd , Mechanicsville , VA , 23116",37.6305119,-77.3632838,Whistle Express Car Wash,ChIJ_3KhmMgZsYkRXQZBsDYk38g.jpg,0.387904357855489,,,
"Whistle Express Car Wash - Pooler , 2001 Pooler Pkwy , Pooler , GA , 31322",32.0816962,-81.2801965,Whistle Express Car Wash,ChIJzQSquI6n-4gRLBUb1-M8B5o.jpg,0.415003544136915,,,
"Whistle Express Car Wash - Racers Edge , 351 Commonwealth Blvd , Martinsville , VA , 24112",36.6968363,-79.8870267,Whistle Express Car Wash,ChIJG-SHsiqbUogRhI36inP3cfw.jpg,0.392726105593404,,,
"Whistle Express Car Wash - Roxboro , 421 N Madison Blvd , Roxboro , NC , 27573",36.3995425,-78.9823863,Whistle Express Car Wash,ChIJp9kP1jMVrYkRmcUzhr-iSxc.jpg,0.394239396904376,,,
"Whistle Express Car Wash - SouthPort , 5014 Southport Crossing Wy , Southport , NC , 28461",33.9540971,-78.0503435,Whistle Express Car Wash,ChIJQfbDzMAHqokRF8M8T96LsyI.jpg,0.406282000656805,,,
"Whistle Express Car Wash - Washington , 427 Bridge St , Washington , NC , 27889",35.5488005,-77.057573,Whistle Express Car Wash,ChIJY6YNlHojr4kRHuZgYyUWQiE.jpg,0.398511475464967,,,
"Whistle Express Car Wash - Westover , 105 S Westover Blvd , Albany , GA , 31707",31.5843172,-84.2206133,Whistle Express Car Wash,ChIJ0csvXIp_8ogRaVe65NWeLcE.jpg,0.417246185193331,,,
"Whistle Express Car Wash -Boll Weevil , 654 Boll Weevil Cir , Enterprise , AL , 36330",31.3218393,-85.8302736,Whistle Express Car Wash,ChIJyR5pMaBvkogRQSkR7xEujjs.jpg,0.418417012377781,,,
"Whistle Express Car Wash Crawfordville , 2135 Crawfordville Hwy , Crawfordville , FL , 32327",30.2136553,-84.3632953,Whistle Express Car Wash,ChIJIYGNGyqF7IgRNg9KUd8fzis.jpg,0.423263167483226,,,
"Whistle Express Car WashChristiansburg , 945 N Franklin St , Christiansburg , VA , 24073",37.141632,-80.4147648,Whistle Express Car Wash,ChIJz49xGqKTTYgRsU202crUAro.jpg,0.390441918970855,,,
"Whistle Express Car WashHendersonville , 579 New Shackle Island Rd , Hendersonville , TN , 37075",36.3377933,-86.6163971,Whistle Express Car Wash,ChIJl8m2JwJHZIgRehTSCfB9gno.jpg,0.394552758932201,,,
"Whistle Express Car WashNorth Valdosta , 4139 N Valdosta Rd , Valdosta , GA , 31602",30.8968771,-83.3289852,Whistle Express Car Wash,ChIJuyDq__Fn7ogRImIaA6FBiPs.jpg,0.420294793056202,,,
"Whistle Express Car WashPort Wentworth , 38 Magellan Blvd , Port Wentworth , GA , 31407",32.1956562,-81.1974481,Port Wentworth carwash,ChIJwfSwoROj-4gR8ZeAKJUgF8M.jpg,0.414475079509688,,,
"White Water CW , 7600 Crater Lake Hwy , White City , OR , 97503",42.4267962,-122.8487759,Lil' Pantry White City,ChIJk189ZOBiz1QR84jNHoHuKKc.jpg,0.36154072829663,,,
"Wicked Wash , 160 E 1st S , Rigby , ID , 83442",43.6698154,-111.9134033,Tagg-N-Go Car Wash,ChIJ12SLJ4BvVFMROE3ymH6zOEw.jpg,0.354288422877695,,,
"Willy's Wash , 2605 N 14th St , Ponca City , OK , 74601",36.7364497,-97.0666901,Willy's Wash,ChIJQbJ2qKj1sIcR9zwMrhh9YlA.jpg,0.39252357238002,,,
"Wolfrum , 1010 Wolfrum Rd , Weldon Spring , MO , 63304",38.7287947,-90.6444119,Scrubbles Car Wash,ChIJI7lBDSLV3ocRnWQD6bGysVI.jpg,0.382100949842094,,,
"Woodie's Ballantrae , 17322 FL-54 , Lutz , FL , 33558",28.193589,-82.527278,Woodie's Wash Shack - Ballantrae,ChIJPZcRZzC9wogRFj17tVmWSDI.jpg,0.431688523525877,,,
"Woodie's Gibsonton , 9350 Theater Dr , Gibsonton , FL , 33534",27.849035,-82.3507939,Woodie's Wash Shack - Gibsonton,ChIJB2sSsjHRwogRgHrqgzwKgdI.jpg,0.433072164515602,,,
"Woodie's Lutz , 24749 FL-54 , Lutz , FL , 33559",28.1864462,-82.4066793,Woodie's Wash Shack - Cypress Creek,ChIJH-QPDjG7wogRGwEySqnzTZk.jpg,0.431716703565635,,,
"Woodie's Sun City , 4927 FL-674 , Wimauma , FL , 33598",27.7119642,-82.3332559,Woodie's Wash Shack - Sun City,ChIJ7YXEOWMpw4gRZvvpOCnPnIM.jpg,0.433618349104148,,,
"ZAK's Car Wash , 2500 S Business 49 , Neosho , MO , 64850",36.8428883,-94.3926174,Zak's Express Car Wash,ChIJZRjLl271yIcRscmW2APfT58.jpg,0.391977296475155,,,
"Bridgeville , 3101 Washington Pike , Bridgeville , PA , 15017",40.3493811,-80.1116229,ModWash,ChIJA1i4h01XNIgRmH_697_g3qo.jpg,0.373281957397448,,,
"COUGAR RIDGE , 10215 China Spring Rd , Waco , TX , 76708",31.6285436,-97.2443216,Cougar Ridge Car Wash,ChIJaeZ61JGbT4YR5-MN0HlzIlg.jpg,0.417043010014042,,,
"Erie , 4234 Buffalo Rd , Erie , PA , 16510",42.1452943,-80.005931,ModWash,ChIJXVP0hO99LYgRWXVbfgnuCGg.jpg,0.363159623418269,,,
"Evolution Car Wash , 1665 NV-88 , Minden , NV , 89423",38.9587747,-119.7777729,Evolution Car Wash,ChIJF31UMYW9mYARKoCOl_sXbig.jpg,0.380867869092215,,,
"Fast and Friendly Maricopa II , 42020 W Maricopa-Casa Grande Hwy , Maricopa , AZ , 85138",33.0394599,-112.0187546,Fast & Friendly Express Car Wash,ChIJC78tMRT7KocRXc_R7gwmKQA.jpg,0.410597122907958,,,
"FoamWorks Fayetteville , 1512 GA-85 , Fayetteville , GA , 30214",33.4872303,-84.4341295,FoamWorks Auto Spa of Fayetteville,ChIJqfWVUjDx9IgRAqmj9LezlOI.jpg,0.408497614310141,,,
"GO Car Wash- 412 Rock Port , 2200 Rock Port Dr , Harrisonburg , VA , 22801",38.4050476,-78.8677602,GO Car Wash,ChIJk-yN6uuTtIkRtH05hxbH79s.jpg,0.383826342992629,,,
"GO Car Wash- 413 Market , 2335 E Market St , Harrisonburg , VA , 22801",38.4210548,-78.8382949,GO Car Wash,ChIJKT2ze8mNtIkRnH1XvyxuiLc.jpg,0.383741320987252,,,
"Gaffney , 1521 W Floyd Baker Blvd , Gaffney , SC , 29341",35.0895526,-81.6636002,ModWash,ChIJA-o-EKIFV4gRpH4femKMW80.jpg,0.400781240192747,,,
"Hydro Express Wash , 3088 Hennepin Dr , Joliet , IL , 60431",41.5726477,-88.1574489,Hydro Express Car Wash and Detail Center,ChIJLYkwvhBgDogRcu0-lhD3fNw.jpg,0.366426792667546,,,
"Lakes Edge , 7916 Bradley Long Dr. , Lake Norman of Catawba , NC , 28682",35.5832605,-80.9887544,Lakes Edge Express Wash,ChIJ5xwU8VpNUYgRI_HAD8nTykg.jpg,0.398340132459872,,,
"Let's Go Bixby , 15025 S Memorial Dr , Bixby , OK , 74008",35.9453430605934,-95.8863834618877,Okie Express Auto Wash,ChIJ4bO9mb-PtocRjOPgf6HsPEI.jpg,0.396531048563227,,,
"Magic Barboursville , 6442 US-60 , Barboursville , WV , 25504",38.4156073,-82.2972267,Take 5 Car Wash,ChIJbZZxc28BRogR7waUvqTOquw.jpg,0.383770290004671,,,
"Magic Belle , 1601 S Main St , Bellefontaine , OH , 43311",40.3369448,-83.7614212,Take 5 Car Wash,ChIJqVxlUFYvP4gRWHSMifGvbW8.jpg,0.373350633025394,,,
"Magic Circleville , 1475 S Court St , Circleville , OH , 43113",39.5811987,-82.9522844,Take 5 Car Wash,ChIJxz0Riyx3R4gRNplN-N81V0k.jpg,0.377499940534963,,,
"Magic Defiance , 8715 OH-66 , Defiance , OH , 43512",41.316082,-84.360527,Take 5 Car Wash,ChIJITBpTD_PPYgRJ3mvsS2kQJI.jpg,0.367878509580903,,,
"Magic Gallipolis , 2183 Eastern Ave , Gallipolis , OH , 45631",38.8246133,-82.1703409,Take 5 Car Wash,ChIJpYQ8TeWdSIgRgI8dXOncxrs.jpg,0.381587947507777,,,
"Magic LaGrange , 1100 Lafayette Pkwy , LaGrange , GA , 30241",33.0400117,-85.0065807,Take 5 Car Wash,ChIJfUdrCLdVi4gR89qH49fMQ8c.jpg,0.410594669884612,,,
"Magic Piqua , 1292 E Ash St , Piqua , OH , 45356",40.1510683,-84.2092494,Take 5 Car Wash,ChIJB82APhl1P4gRIB-NRXcr01w.jpg,0.374377021873635,,,
"Magic Portsmouth , 2311 Gallia St , Portsmouth , OH , 45662",38.7398579,-82.9706182,Take 5 Car Wash,ChIJz2J1bC6LRogRWCSVGCirisU.jpg,0.382041913377862,,,
"Magic Sidney , 2680 W Michigan St , Sidney , OH , 45365",40.2881962,-84.1987428,Take 5 Car Wash,ChIJj-7frhUJP4gRNk013HuqGKw.jpg,0.373620440202954,,,
"Magic Tiffin , 2161 W Market St , Tiffin , OH , 44883",41.1107066,-83.2121582,Take 5 Car Wash,ChIJyXv4s8_fO4gRn9mxkb0qUH0.jpg,0.369033550021624,,,
"Magic Troy , 10 Kings Chapel Dr N , Troy , OH , 45373",40.0606203,-84.2497243,Take 5 Car Wash,ChIJYVVy3WV3P4gRdW3nkKFf8ng.jpg,0.374875342345187,,,
"Magic Van Wert , 7965 US-127 , Van Wert , OH , 45891",40.8877671,-84.5820105,Take 5 Car Wash,ChIJ6efZXaVrPogR1Lh0Dol3kQI.jpg,0.370285610768718,,,
"Magic Waverly , 865 W Emmitt Ave , Waverly , OH , 45690",39.1137223,-82.9961453,Take 5 Car Wash,ChIJ-1GnnCABR4gR3mGlUl62Hsk.jpg,0.380033611285288,,,
"Magic Wilmington , 63 Holiday Dr , Wilmington , OH , 45177",39.4509774,-83.7972179,Car Wash,ChIJ31DUOonHQIgRFNzuAE0xQE0.jpg,0.378208666371477,,,
"McFarland , 3205 Hunter Creek Rd , Northport , AL , 35473",33.2380959,-87.5641905,Take 5 Car Wash,ChIJ--jgHFodhogRVyYgi-MfsVk.jpg,0.409668359916832,,,
"Mountain Edge , 200 East Commonwealth Dr , Wytheville , VA , 24382",36.9600105,-81.0960388,Mountain Edge Express Wash,ChIJPV2iDk3hUYgRQN6PMj5DQGM.jpg,0.391377404521824,,,
"NMALA_S.WhiteSands , 905 S White Sands Blvd , Alamogordo , NM , 88310",32.8807774,-105.9597223,Zips Car Wash,ChIJjXKkgSpR4IYR8RLjVSDWPpk.jpg,0.411334118523219,,,
"OLD SUDS STOP DO NOT USE , 123 1st St , Keyport , NJ , 7735",40.4390443,-74.1975317,Agapitos Detailing,ChIJVyCT-xY1wokRXusGS5OjcOg.jpg,0.372779211584899,,,
"Paradise Bay Express II , 5909 Ogeechee Rd , Savannah , GA , 31419",31.997541,-81.2525169,LUV Car Wash,ChIJq3oXZb8J-4gRvBufPOkRaYk.jpg,0.415384335537401,,,
"Quick and Clean Car Wash Niceville , 4567 E Hwy 20 , Niceville , FL , 32578",30.483296,-86.4162179,Take 5 Car Wash,ChIJj5Xc_v1nkYgRj0fAOFamTHI.jpg,0.422099567879201,,,
"Quick and Clean DeFuniak Springs , 822 US-331 , DeFuniak Springs , FL , 32435",30.710288,-86.124813,Take 5 Car Wash,ChIJU8BW-XnRk4gRDyEMm2MTKok.jpg,0.421110789181132,,,
"Quick and Clean John Sims , 1215 E John Sims Pkwy , Niceville , FL , 32578",30.5148286,-86.4631661,Take 5 Car Wash,ChIJMcHhYq1pkYgRihygqpWsH5w.jpg,0.4219613019768,,,
"RHYNO CAR WASH , 710 W Main St , Cabot , AR , 72023",34.9763301,-92.0219985,Rhyno Car Wash,ChIJvQzAOQfv0ocRTaI7mskJBOg.jpg,0.401336793209324,,,
"Rock Island Express , 1665 Denmark Rd , Union , MO , 63084",38.4320447,-90.9671716,Brite WorX,ChIJ4WM9oA9H2YcRizyiDFQekk4.jpg,0.383683639270893,,,
"Route 3 Car Wash , 5100 Plank Rd , Fredericksburg , VA , 22407",38.2893657,-77.5505562,GO Car Wash,ChIJATNK0nrAtokRf-AKHKWFl3M.jpg,0.38443931467215,,,
"S. Broadway Salem , 440 S Broadway , Salem , NH , 3079",42.747211,-71.2035245,Haffner's Car Wash,ChIJq4FzwPqp44kRK99vdaB7Lc4.jpg,0.359687599393225,,,
"SANDUSKY CLEAN SCENE , 4307 Milan Rd , Sandusky , OH , 44870",41.416414,-82.673379,Sandusky Clean Scene,ChIJmQ0RRuZGOogRjp7JHyR08rg.jpg,0.367311681157151,,,
"SHINE LINE EXPRESS , 6009 Washington Ave , Ocean Springs , MS , 39564",30.4311841,-88.8303482,Rainforest Carwash of St. Martin,ChIJTRMPjNULnIgRuriP2GH5C3k.jpg,0.422324334391563,,,
"Take 5 Car Wash #113 , 16100 SR 54 , Odessa , FL , 33556",28.1894407,-82.6174862,Take 5 Car Wash,ChIJPWNjII-VwogRqQwxwu_visQ.jpg,0.431705182510978,,,
"Take 5 Car Wash #662 , 1545 Pooler Pkwy , Pooler , GA , 31322",32.0932353,-81.2735417,Take 5 Car Wash,ChIJC0BQEHwOU4cR4FLqRPMTsm0.jpg,0.414951143437343,,,
"Take 5 Car Wash #686 , 10405 County Line Rd , Spring Hill , FL , 34609",28.4342321,-82.545379,Take 5 Car Wash,ChIJORwrCxGhwogRDfLQFPJV2Mo.jpg,0.430712711532939,,,
"Take 5 Muskogee , 2037 N 11th St W , Muskogee , OK , 74401",35.7708668,-95.3764143,Take 5 Car Wash,ChIJMz8xsZlt_oYR4f-yWtiCH_Y.jpg,0.397404785018549,,,
"University Park Auto SPA , 3005 W University Blvd , Durant , OK , 74701",34.0046555,-96.4070096,The Auto Spa- University Park,ChIJb2OVk_VfS4YR2IWlXrG2ocw.jpg,0.406040443805714,,,
"Valley CW #1 , 126 Cole Ln , Winchester , VA , 22602",39.1862133,-78.1262533,GO Car Wash,ChIJz_dubpPvtYkR0CjgK5STziA.jpg,0.379642020279603,,,
"WET RHINO TRUCK WASH , 5120 N Granite Ln , Sioux Falls , SD , 57107",43.6043609,-96.7660451,N/A,N/A,N/A,,,
"Washington , 1410 Washington Rd , Washington , PA , 15301",40.2123212,-80.194829,ModWash,ChIJYQKJF7qtNYgRlzdG7sT3-S8.jpg,0.37403939317887,,,
"Winston-Salem , 5235 Beauchamp Ln , Winston-Salem , NC , 27104",36.093828,-80.3689625,ModWash,ChIJxWJ5syq3U4gRuf5CY5mpAzA.jpg,0.395784809380195,,,
